open_time,open,high,low,close,volume,close_time,quote_asset_volume,number_of_trades,taker_buy_base_volume,taker_buy_quote_volume,upper_band,middle_band,lower_band,macd_line,signal_line,histogram,adx,plus_di,minus_di,rsi,cci,momentum,obv,mfi,stoch_k,stoch_d,cmf
2021-12-27,3.825e-05,3.948e-05,3.262e-05,3.401e-05,44686475163089.0,1641167999999,1581234585.104011,2628039,21986863972564.0,778112418.4359331,6.533766182217137e-05,2.8970500000000013e-05,-7.396661822171344e-06,7.835254161294182e-06,9.004226347489973e-06,-1.1689721861957907e-06,57.65421131603675,31.41737566153533,7.958798082719262,53.169416848776976,26.62779993646784,-2.040000000000001e-06,1549785683306111.0,62.76517755729816,33.272148800783164,33.917003574120315,0.05899800718112102
2022-01-03,3.401e-05,3.41e-05,2.641e-05,2.825e-05,41021575623993.0,1641772799999,1240594025.413116,2507901,20367501387178.0,616186384.1325592,6.507814953678447e-05,2.9973000000000013e-05,-5.132149536784442e-06,6.847586535758941e-06,8.572898385143767e-06,-1.725311849384826e-06,56.66913431911407,29.82883477074811,11.639516535472485,48.84059505580217,-2.4883887245314193,-3.872000000000001e-05,1508764107682118.0,62.01689596353249,24.956435150609902,32.28073455771361,0.07030600226521011
2022-01-10,2.826e-05,3.29e-05,2.537e-05,3.049e-05,52485624023225.0,1642377599999,1570870724.884413,2877698,25975234672892.0,776957908.1600413,6.464540262342581e-05,3.1141500000000013e-05,-2.362402623425785e-06,6.1744271535218285e-06,8.09320413881938e-06,-1.918776985297551e-06,55.57512000235007,28.318899976672252,11.74945827873987,50.527467226230605,-8.227212916400415,-2.641e-05,1561249731705343.0,53.22710257824858,10.979911056586415,23.069498335993202,0.08626058378789243
2022-01-17,3.049e-05,3.058e-05,1.704e-05,2.246e-05,76885936935176.0,1642982399999,1789342140.6214995,3178878,38178429656818.0,887373621.0887061,6.388574279539102e-05,3.188800000000001e-05,-1.0974279539100005e-07,4.936089436344352e-06,7.461781198324374e-06,-2.5256917619800217e-06,53.238432095373796,25.79079552064799,16.19273514727321,44.82189609778407,-46.34557323595843,-3.0680000000000004e-05,1484363794770167.0,48.67954558728436,7.580419580419578,14.505588595872007,0.06988813077596776
2022-01-24,2.246e-05,2.353e-05,1.865e-05,2.11e-05,64631079679889.0,1643587199999,1358327605.8400326,2551389,32135337756909.0,675950028.0849116,6.293218574703701e-05,3.259850000000002e-05,2.2648142529630192e-06,3.8011400632127807e-06,6.729652971302055e-06,-2.9285129080892745e-06,51.06865046746725,24.92707008282164,15.650445660952887,43.91738048134109,-66.38601281905409,-2.301e-05,1419732715090278.0,42.5051919468934,5.67832167832168,8.079550771775933,0.06536820480295952
2022-01-31,2.11e-05,2.9e-05,2.005e-05,2.849e-05,48767912020317.0,1644191999999,1136282248.244805,2569912,24388042049699.0,568728752.7569525,6.18875584351236e-05,3.361900000000002e-05,5.350441564876441e-06,3.458132547930632e-06,6.075348886627771e-06,-2.6172163386971385e-06,49.5530542626311,27.17236835968983,14.679468111087324,49.84072885023079,-48.126530423667475,-1.0620000000000003e-05,1468500627110595.0,7.665437303285069,19.77547495682211,11.011405405187832,0.07280545180348473
2022-02-07,2.848e-05,3.523e-05,2.707e-05,3.013e-05,137977935028104.0,1644796799999,4326038221.595496,7945737,68567339131506.0,2151509001.188871,6.037500622449099e-05,3.4770500000000015e-05,9.165993775509039e-06,3.2808117590579447e-06,5.516441461113805e-06,-2.2356297020558608e-06,48.64684666614856,29.995969922161237,13.83659259209151,51.075674722613876,-27.826928393696473,-6.090000000000001e-06,1606478562138699.0,19.392593377077503,31.19637750238323,18.883391379175716,0.07023273424113628
2022-02-14,3.013e-05,3.253e-05,2.489e-05,2.547e-05,64633848833775.0,1645401599999,1893488908.7561219,3255218,31909852536532.0,935175151.9630291,5.8691152725506494e-05,3.561700000000001e-05,1.2542847274493522e-05,2.732759155137086e-06,4.959704999918462e-06,-2.2269458447813757e-06,47.4503027952509,28.35439257144404,14.64093340005903,47.49724971214601,-62.243931387877616,-1.1090000000000004e-05,1541844713304924.0,21.873414419258005,21.64313222079589,24.204994893333787,0.046475544154755334
2022-02-21,2.547e-05,2.755e-05,2.071e-05,2.342e-05,101256406806348.0,1646006399999,2465753959.6042175,3688660,51489242572201.0,1254915714.1095858,5.8807361420320505e-05,3.5481500000000016e-05,1.215563857967953e-05,2.108697893886989e-06,4.389503578712167e-06,-2.280805684825178e-06,45.681964306250094,26.933259382325296,16.970036789702153,45.97137821755483,-91.18762107667082,-7.349999999999999e-06,1440588306498576.0,23.718806613111827,17.099973197534172,23.31316097357114,-0.06575558755499668
2022-02-28,2.343e-05,2.861e-05,2.28e-05,2.352e-05,61420543282513.0,1646611199999,1557898364.287129,2416385,30730065086350.0,780105327.125079,5.894637504190704e-05,3.5270500000000014e-05,1.1594624958092988e-05,1.6037074710399097e-06,3.8323443571777156e-06,-2.228636886137806e-06,44.143174477806326,26.552357523801124,16.22610448770941,46.06240556609399,-81.00701841114349,-1.4720000000000001e-05,1502008849781089.0,31.59796649345865,17.36799785580273,18.70370109137764,-0.0911418649654699
2022-03-07,2.352e-05,2.46e-05,2.12e-05,2.15e-05,39274991458688.0,1647215999999,901313270.4027246,1644177,19111186397228.0,438896467.2370376,5.896090007351159e-05,3.454300000000001e-05,1.0125099926488432e-05,1.0286442340965888e-06,3.2716043325614903e-06,-2.2429600984649015e-06,42.45276216000483,25.83850982510744,17.055027701501576,44.43386656844567,-89.74530008484662,-1.251e-05,1462733858322401.0,39.567358456259996,19.535698642137543,18.001223231824856,-0.12052610556696931
2022-03-14,2.15e-05,2.555e-05,2.124e-05,2.311e-05,47100145026321.0,1647820799999,1079011736.2631712,1777137,23944776375570.0,548818752.4595147,5.217012815296606e-05,3.2350000000000014e-05,1.2529871847033971e-05,6.948067210031406e-07,2.75624481024982e-06,-2.0614380892466796e-06,40.98823843424212,25.704096190277166,16.451240149415536,46.070447747900296,-79.8143807135169,-5.139999999999998e-06,1509834003348722.0,46.39534817572066,26.587823039859835,21.163839845933413,-0.21526182638413713
2022-03-21,2.311e-05,2.567e-05,2.23e-05,2.557e-05,50402223611754.0,1648425599999,1219608929.7122645,1894799,25721577940301.0,622953587.6329191,4.726606566800195e-05,3.0783500000000015e-05,1.4300934331998077e-05,6.215744048073825e-07,2.329310729161333e-06,-1.7077363243539503e-06,39.64232662895516,25.06310303076335,15.97501714236291,48.56328821988791,-65.89689197441587,-4.92e-06,1560236226960476.0,52.66854904540321,37.36311870346036,27.828880128485952,-0.19198271304986567
2022-03-28,2.557e-05,2.966e-05,2.458e-05,2.683e-05,78102206319726.0,1649030399999,2116101460.9456809,3625306,39515543450973.0,1071223485.6227409,4.2426249264464555e-05,2.9468000000000017e-05,1.650975073553548e-05,6.576280100123311e-07,1.9949741853315323e-06,-1.3373461753192012e-06,38.85143786916131,27.463481018415642,15.25800268481054,49.84215889521313,-35.23475021927542,4.3700000000000005e-06,1638338433280202.0,50.99729516288901,43.62745098039215,35.85946424123748,-0.21200888772321702
2022-04-04,2.683e-05,2.847e-05,2.35e-05,2.446e-05,43004297684409.0,1649635199999,1106325790.6662226,2081714,20717537611446.0,533849010.4413114,3.971908264312841e-05,2.848550000000002e-05,1.7251917356871633e-05,4.893209712411372e-07,1.6938435425134533e-06,-1.2045225712723161e-06,37.90132961737542,26.223392149814206,15.550257184560309,47.45229516082153,-47.47761126861982,3.3599999999999983e-06,1595334135595793.0,52.11919906306951,40.79164376030786,40.594071148053494,-0.19838993217620243
2022-04-11,2.446e-05,3e-05,2.183e-05,2.465e-05,81858781625483.0,1650239999999,2147137045.663824,3488940,40678120279834.0,1068781588.5573825,3.7983491879460365e-05,2.776250000000002e-05,1.7541508120539676e-05,3.6703686996751307e-07,1.4284822080042652e-06,-1.0614453380367522e-06,36.6815157190718,24.28233623835464,15.912243138802177,47.66892878074623,-41.70803105511011,-3.8400000000000005e-06,1677192917221276.0,59.23945700082541,41.836173721825176,42.085089487508434,-0.18268743104929588
2022-04-18,2.464e-05,2.587e-05,2.352e-05,2.396e-05,32053363420081.0,1650844799999,792461227.8464571,1269785,15859694870195.0,392240667.9409017,3.671775684228822e-05,2.714950000000002e-05,1.758124315771182e-05,2.1200474651988924e-07,1.1851867157073901e-06,-9.731819691875009e-07,35.54883138493272,23.73805324510652,15.55557386118962,46.91254660342257,-53.272978437057276,-6.17e-06,1645139553801195.0,57.2806239840049,38.04288070368335,40.22356606193883,-0.15436576698965587
2022-04-25,2.395e-05,2.536e-05,1.837e-05,2.155e-05,53434894945649.0,1651449599999,1208434839.3536003,1766724,26935547333319.0,609220107.5694215,3.522271327729979e-05,2.6399000000000013e-05,1.7575286722700236e-05,-1.0412588862021815e-07,9.273241948418685e-07,-1.0314500834620866e-06,33.47303512007564,22.14782529672811,19.449145417596007,44.27031351293774,-96.94630196453068,-3.92e-06,1591704658855546.0,58.85323774341349,18.86120996441281,32.913421463307145,-0.17454992054762244
2022-05-02,2.154e-05,2.199e-05,1.823e-05,1.843e-05,45574274050636.0,1652054399999,920819206.0821216,1246223,23636670971113.0,477784368.4820277,3.501319840540737e-05,2.578200000000002e-05,1.6550801594592667e-05,-5.995088547428598e-07,6.219575849249227e-07,-1.2214664396677826e-06,31.519179857745566,21.32044366943032,18.861675129249882,41.04711543162777,-132.34164078504492,-4.989999999999998e-06,1546130384804910.0,60.083439795142326,1.1764705882353028,19.360187085443854,-0.17318481071594935
2022-05-09,1.843e-05,1.871e-05,9.07e-06,1.306e-05,149857810920159.0,1652659199999,2058846450.7738218,4032717,75289746392128.0,1033963731.7768488,3.347867998534983e-05,2.452300000000002e-05,1.556732001465021e-05,-1.409173470881766e-06,2.1573137376358495e-07,-1.6249048446453511e-06,30.317045265476647,19.326961990776546,25.982620479555372,36.16639437954425,-237.5110925510259,-1.0459999999999998e-05,1396272573884751.0,52.6871202448941,15.252293577981654,11.763324710209956,-0.22875812744163923
2022-05-16,1.305e-05,1.306e-05,1.121e-05,1.19e-05,37485363874307.0,1653263999999,449964800.04194623,980395,18856852346293.0,226318554.1199235,3.2861179102976525e-05,2.341750000000002e-05,1.3973820897023519e-05,-2.120002745966303e-06,-2.514154501823927e-07,-1.8685872957839103e-06,29.200777429798364,18.96056933282944,25.49005256420073,35.192918892749034,-234.74721679102998,-9.600000000000001e-06,1358787210010444.0,41.196200502325134,12.06308610400682,9.497283423407957,-0.21697231570983141
2022-05-23,1.19e-05,1.297e-05,1.012e-05,1.149e-05,43400858853603.0,1653868799999,490729658.8733303,965897,22130108859620.0,250226337.52112296,3.307504853259207e-05,2.257950000000002e-05,1.2083951467407968e-05,-2.685467246434627e-06,-7.382258094328397e-07,-1.9472414370017873e-06,28.324798075896673,18.382415301285306,25.879000762936165,34.83600886551037,-197.77282077543347,-1.162e-05,1315386351156841.0,44.091762569660794,11.562350692785477,12.959243458258015,-0.20152336099479534
2022-05-30,1.15e-05,1.248e-05,1.052e-05,1.081e-05,30005618526879.0,1654473599999,343467503.7946513,813056,14893724835575.0,170609011.92163804,3.261695811587541e-05,2.159550000000002e-05,1.0574041884124633e-05,-3.15213638786782e-06,-1.2210079251198358e-06,-1.931128462747984e-06,27.511388675845105,17.976447170501334,25.307473605373175,34.216217953550064,-165.81125945035112,-1.4760000000000001e-05,1285380732629962.0,49.75301349938166,8.313425704730054,10.646287500507482,-0.23613210431452702
2022-06-06,1.082e-05,1.141e-05,8.38e-06,8.6e-06,30205064966379.0,1655078399999,302151793.17356193,781842,14950679336977.0,149576065.93919724,3.32790372782534e-05,2.0902500000000022e-05,8.525962721746644e-06,-3.658134873174533e-06,-1.7084333147307753e-06,-1.949701558443758e-06,27.09188028844981,17.338942720198062,26.914656574494433,32.210445827122044,-156.10126793570066,-1.823e-05,1255175667663583.0,43.650099459657305,1.0175763182238728,6.964450905246501,-0.2534725732935595
2022-06-13,8.59e-06,8.96e-06,7.14e-06,8.22e-06,55055420315073.0,1655683199999,441840810.69262207,1265817,27652252256808.0,221969178.1469207,3.381139972662664e-05,2.025850000000002e-05,6.705600273373394e-06,-4.043197676498319e-06,-2.175386187084284e-06,-1.867811489414035e-06,26.893276717074972,16.95010779587161,27.83897425611347,31.864559406390097,-141.76731999570853,-1.624e-05,1200120247348510.0,44.95651408606432,4.724409448818893,4.68513715725764,-0.2473037513013586
2022-06-20,8.22e-06,1.214e-05,7.88e-06,1.098e-05,110663292658457.0,1656287999999,1154371207.5026839,2370740,56251584284867.0,586732984.4463857,3.29580390054687e-05,1.938300000000002e-05,5.8079609945313445e-06,-4.078637791051159e-06,-2.556036507877659e-06,-1.5226012831735e-06,25.944333469286793,20.037156870892034,26.34948401177851,37.144064795641484,-100.82200264617296,-1.367e-05,1310783540006967.0,45.13060045154514,16.797900262467188,7.513295343170017,-0.22990470823730302
2022-06-27,1.098e-05,1.173e-05,9.53e-06,1.003e-05,44313113132853.0,1656892799999,457682964.759936,1062360,22386884462884.0,231347034.82479113,3.159305595901875e-05,1.837800000000002e-05,5.162944040981288e-06,-4.135707535603374e-06,-2.8719707134228017e-06,-1.263736822180572e-06,25.063171882054913,19.45814996327627,25.588071933546292,36.10698864988382,-87.70014556040766,-1.393e-05,1266470426874114.0,42.055490627519504,12.642169728783902,11.388159813356694,-0.23925360758873607
2022-07-04,1.004e-05,1.19e-05,9.93e-06,1.122e-05,39258080695187.0,1657497599999,427507710.53475,883474,20049255198330.0,218358779.00985944,3.081065800589697e-05,1.766550000000002e-05,4.52034199410307e-06,-4.038360953294102e-06,-3.1052487613970616e-06,-9.331121918970404e-07,24.20186113819106,19.16457703983108,24.89436361231796,38.42612221500263,-72.54264503446583,-1.033e-05,1305728507569301.0,34.03316865386849,17.847769028871387,15.762613006707525,-0.18736321335766126
2022-07-11,1.121e-05,1.122e-05,9.77e-06,1.073e-05,30048872688521.0,1658102399999,318515927.69246733,704421,15036918700676.0,159389915.3983747,3.0228810272920177e-05,1.7031000000000017e-05,3.833189727079857e-06,-3.9551593750940244e-06,-3.2752308841364543e-06,-6.799284909575702e-07,23.43533699629945,18.76140431550926,24.60278786238374,37.81742935094397,-69.37921176230348,-7.7e-06,1275679634880780.0,36.36716501469858,15.704286964129484,15.398075240594958,-0.17156360311923116
2022-07-18,1.072e-05,1.315e-05,1.071e-05,1.159e-05,49825126660606.0,1658707199999,598201627.4535362,1290245,25257197840477.0,303383200.6297836,2.9482810963492455e-05,1.6434500000000017e-05,3.386189036507579e-06,-3.776295923511697e-06,-3.375443892011503e-06,-4.0085203150019413e-07,22.19658640576061,20.977214636461706,23.6992767379201,39.62508312033546,-51.290651098848336,-1.4699999999999995e-06,1325504761541386.0,26.68404651217403,23.758675920982384,19.10357730466112,-0.14376834468219393
2022-07-25,1.159e-05,1.262e-05,1.029e-05,1.17e-05,42607907448156.0,1659311999999,493148142.6170182,1072239,20985322897447.0,243145172.86623427,2.8931002954991284e-05,1.594450000000002e-05,2.957997045008757e-06,-3.5843511004940726e-06,-3.417225333708017e-06,-1.671257667860556e-07,21.146992002594512,20.213821270240402,23.492808342054637,39.865877570952385,-49.57835282692834,-1.9999999999999978e-07,1368112668989542.0,27.500140526391775,25.02744237102085,21.496801752044277,-0.1055837587569049
2022-08-01,1.17e-05,1.274e-05,1.145e-05,1.205e-05,31141993785238.0,1659916799999,373088505.9750459,790998,15660378864114.0,187723729.95705184,2.8048141379133627e-05,1.5391500000000017e-05,2.7348586208664055e-06,-3.365199445987453e-06,-3.4068201561639043e-06,4.162071017645105e-08,20.13707048748275,19.982092056062637,22.993887738392697,40.67660702793307,-39.801135481393885,5.599999999999997e-07,1399254662774780.0,34.25916973773381,33.06397306397306,27.283363785325474,-0.10338455090975045
2022-08-08,1.205e-05,1.8e-05,1.169e-05,1.69e-05,84974727348956.0,1660521599999,1227447278.8969069,2259921,43144499439387.0,623754153.0853733,2.6755187122360884e-05,1.4958000000000018e-05,3.1608128776391544e-06,-2.7682549936419543e-06,-3.2791071236595144e-06,5.108521300175601e-07,19.560989361623946,26.358884198338462,20.680339783846392,50.612947429434826,4.695424050262694,6.090000000000001e-06,1484229390123736.0,47.014306010766205,84.3560933448574,47.482502926617144,-0.0930407573785418
2022-08-15,1.69e-05,1.77e-05,1.251e-05,1.348e-05,91237581672100.0,1661126399999,1367831165.8437178,2313972,45432557548032.0,681371924.1285702,2.476138434660595e-05,1.4290500000000018e-05,3.819615653394088e-06,-2.5418369185149455e-06,-3.1316530826306006e-06,5.898161641156552e-07,19.026056887612203,24.201939765992723,18.988069981371318,44.901684389111566,0.45827142973287405,4.879999999999999e-06,1392991808451636.0,50.9565235412246,58.3793738489871,58.59981341927256,-0.13477591287567323
2022-08-22,1.348e-05,1.484e-05,1.171e-05,1.181e-05,42216170330361.0,1661731199999,558239946.7483811,1037552,21108799748441.0,279353749.12470657,2.307001487461625e-05,1.3658000000000019e-05,4.2459851253837904e-06,-2.468696410440907e-06,-2.999061748192662e-06,5.303653377517548e-07,18.285240422357155,22.980604102609327,19.319673151115733,42.38648190364281,-19.514865193172845,3.590000000000001e-06,1350775638121275.0,50.43421488573199,43.00184162062615,61.91243627149026,-0.14653710129611572
2022-08-29,1.181e-05,1.34e-05,1.169e-05,1.285e-05,29813625131869.0,1662335999999,369536443.07089925,741306,15023876610471.0,186344885.99395487,2.1015287839256697e-05,1.3068000000000021e-05,5.120712160743346e-06,-2.300296338184145e-06,-2.8593086661909583e-06,5.590123280068134e-07,17.59097328464209,22.31796670216562,18.79632209223435,44.47250889416943,-13.55961143714061,1.8700000000000007e-06,1380589263253144.0,51.16986042499807,52.57826887661142,51.31982811540826,-0.1201127605985552
2022-09-05,1.284e-05,1.395e-05,1.172e-05,1.3e-05,44819611517288.0,1662940799999,570975821.0657585,1052582,22018558800160.0,280659172.22658736,1.8703199818863828e-05,1.2520000000000019e-05,6.33680018113621e-06,-2.1301789443854375e-06,-2.713482721829854e-06,5.833037774444166e-07,17.101189384921632,22.409260670687498,18.064777901177937,44.783043920309055,6.453817243081131,2.9699999999999987e-06,1425408874770432.0,56.40887476361605,53.95948434622466,49.846531614487446,-0.09412946040859599
2022-09-12,1.299e-05,1.325e-05,1e-05,1.062e-05,31007354058222.0,1663545599999,375183644.5368679,762326,15219012705005.0,184392684.82171932,1.660503657008099e-05,1.197350000000002e-05,7.341963429919051e-06,-2.162478092327926e-06,-2.6032817959294686e-06,4.4080370360154254e-07,16.061357915308616,21.11920504862956,20.07149937625986,40.876878369928384,-34.904860016967596,-5.999999999999993e-07,1394401520712210.0,55.99486964129468,32.04419889502762,46.19398403928793,-0.10961770095182383
2022-09-19,1.062e-05,1.219e-05,1.011e-05,1.102e-05,38923894241088.0,1664150399999,431570532.0766554,866416,19815550125112.0,219640737.6916071,1.5173238647485273e-05,1.1603000000000021e-05,8.032761352514769e-06,-2.131231235675141e-06,-2.5088716838786033e-06,3.7764044820346215e-07,15.09580012209653,20.313224728111507,19.305503049063557,41.795759598461444,-33.619696786365616,2.899999999999989e-07,1433325414953298.0,56.084594639365385,31.027667984189712,39.0104504084807,-0.07637639045833053
2022-09-26,1.101e-05,1.157e-05,1.071e-05,1.094e-05,27246998984024.0,1664755199999,303504045.96930534,573155,13672814367526.0,152377846.03767124,1.5013390763268172e-05,1.1497000000000019e-05,7.980609236731866e-06,-2.0888443111104223e-06,-2.424866209324967e-06,3.3602189821454483e-07,14.199210742685308,19.973812381152918,18.9829286579069,41.656316326409765,-30.72787188529803,-6.500000000000006e-07,1406078415969274.0,47.581551679524544,16.646989374262102,26.57295208449318,-0.07234342934819842
2022-10-03,1.095e-05,1.178e-05,1.082e-05,1.103e-05,21745439162321.0,1665359999999,245101762.0411879,457365,11072828325027.0,124895257.44521786,1.497039792288569e-05,1.145350000000002e-05,7.93660207711435e-06,-2.0246512014245555e-06,-2.344823207744885e-06,3.2017200632032945e-07,13.444303050905933,20.01124878878066,18.609134589314838,41.89119548850759,-20.657827265401732,-6.700000000000004e-07,1427823855131595.0,46.09029341004387,15.309842041312269,20.99483313325473,-0.07653192794886793
2022-10-10,1.103e-05,1.112e-05,9.24e-06,1.027e-05,24901188918136.0,1665964799999,254459413.10240838,570378,12312906925807.0,125801100.29981375,1.4946871252415491e-05,1.139250000000002e-05,7.838128747584549e-06,-2.0119112869820727e-06,-2.2782408235923225e-06,2.6632953661024985e-07,12.838166062517057,19.21335744740676,21.218105108358092,40.41170038001592,-72.22378145757308,-1.78e-06,1402922666213459.0,41.41870381007228,11.757990867579911,14.57160742771813,-0.073594784285426
2022-10-17,1.028e-05,1.05e-05,9.5e-06,1.016e-05,16347318772350.0,1666569599999,164192762.76299095,353360,8087375087948.0,81232045.44354545,1.4946820318889352e-05,1.1360000000000022e-05,7.773179681110692e-06,-1.98777703735355e-06,-2.220148066344568e-06,2.32371028991018e-07,12.275324573298816,18.78432321341443,20.744304863041684,40.190453344404965,-74.54839579401461,-6.7400000000000015e-06,1386575347441109.0,42.28346330481625,10.502283105022826,12.52337200463837,-0.04499176327042943
2022-10-24,1.016e-05,1.519e-05,9.83e-06,1.192e-05,96542178893052.0,1667174399999,1173844123.4317195,2398532,49404659931113.0,599959903.2915803,1.488669278572105e-05,1.1526000000000021e-05,8.165307214278994e-06,-1.8058168470479712e-06,-2.137281822485249e-06,3.314649754372776e-07,12.708569408959391,26.630176780672315,18.375751049397905,45.34624118644161,40.83333333333336,-1.5600000000000003e-06,1483117526334161.0,46.64158997746379,30.593607305936068,17.617960426179636,-0.037067058674313216
2022-10-31,1.191e-05,1.366e-05,1.15e-05,1.184e-05,71981042093717.0,1667779199999,900700331.3523867,1843953,36620652867707.0,458598404.9262044,1.470650062510368e-05,1.1707000000000022e-05,8.707499374896364e-06,-1.6490581014006038e-06,-2.0396370782683197e-06,3.905789768677159e-07,13.110868184929926,25.37290764705485,17.508191483731988,45.15569552440625,33.39578406380208,2.999999999999971e-08,1411136484240444.0,55.06829313195269,29.680365296803657,23.592085235920887,-0.09789327077081439
2022-11-07,1.184e-05,1.211e-05,8.29e-06,9.01e-06,55784245227349.0,1668383999999,562716594.3268545,1601983,27467244652692.0,277232734.28178203,1.4818990772451695e-05,1.1608500000000021e-05,8.398009227548347e-06,-1.7332037211765929e-06,-1.978350406849974e-06,2.451466856733813e-07,12.218102122713363,23.279640008159923,22.996364540376895,38.924616652759155,-117.79791331700451,-3.8400000000000005e-06,1355352239013095.0,49.545037705196,7.415036045314108,22.563002882684646,-0.19685497300550464
2022-11-14,9.01e-06,9.67e-06,8.55e-06,8.79e-06,23806029708422.0,1668988799999,217537027.2034684,634122,12187909499530.0,111486495.27145837,1.4920271035502787e-05,1.154650000000002e-05,8.172728964497254e-06,-1.7969280247483592e-06,-1.942065930429651e-06,1.4513790568129175e-07,11.389105064940841,22.68862031602644,22.412536599477516,38.48007996726392,-152.75351202397692,-4.209999999999999e-06,1331546209304673.0,39.122807928985075,5.313496280552607,14.136299207556826,-0.18955212412531264
2022-11-21,8.78e-06,9.64e-06,8.17e-06,9.28e-06,25351903936619.0,1669593599999,227590611.21337605,571957,13132522914568.0,117981590.18125723,1.496386751066213e-05,1.1449500000000021e-05,7.935132489337912e-06,-1.787288342079534e-06,-1.9111104127596275e-06,1.2382207068009355e-07,10.676706449518232,21.90264964069236,22.531627700199962,40.12036929317673,-135.28674189929384,-1.3400000000000007e-06,1356898113241292.0,49.573534271075346,15.811965811965804,9.513499379277542,-0.19166198093562403
2022-11-28,9.28e-06,9.49e-06,8.75e-06,9.35e-06,18189544862336.0,1670198399999,167203920.95834976,424330,9239254693355.0,85017075.2607648,1.5001242879575632e-05,1.1380500000000021e-05,7.75975712042441e-06,-1.7537838802497765e-06,-1.8796451062576574e-06,1.258612260078809e-07,10.015193449482952,21.498898709275995,22.11628225937343,40.36498967438696,-116.99346405228754,-1.6699999999999993e-06,1375087658103628.0,55.50353245486493,16.809116809116816,12.644859633878445,-0.19247484987242505
2022-12-05,9.36e-06,1.016e-05,8.94e-06,9.1e-06,14220544248946.0,1670803199999,133404283.50241089,360702,6932381630766.0,65145000.30299339,1.5008217477705352e-05,1.1256000000000022e-05,7.503782522294693e-06,-1.7274908246253252e-06,-1.8492142499311909e-06,1.217234253058657e-07,9.48542493989231,22.55800267080973,21.415383124736834,39.74057326871579,-95.00318205715067,-1.840000000000001e-06,1360867113854682.0,60.225279263392274,13.24786324786324,15.289648622981991,-0.19662664483470602
2022-12-12,9.11e-06,9.35e-06,8e-06,8.55e-06,25817832364655.0,1671407999999,224870812.31109798,615237,12420782360184.0,108209656.64909182,1.5023416687013563e-05,1.1098500000000023e-05,7.173583312986483e-06,-1.7310789910206955e-06,-1.8255871981490919e-06,9.450820712839635e-08,9.03581040334351,21.73707822354105,23.169982334609358,38.33556558753101,-115.754728771071,-2.48e-06,1335049281490027.0,53.4044134841764,7.649513212795546,12.568831089925238,-0.21751080134159403
2022-12-19,8.55e-06,8.78e-06,7.93e-06,8.29e-06,14658061993978.0,1672012799999,122782802.89892301,299056,7371853176816.0,61800116.8852197,1.4992173553825396e-05,1.0910500000000022e-05,6.828826446174649e-06,-1.7349035773302224e-06,-1.807450473985318e-06,7.254689665509551e-08,8.649461656194138,21.213613948983635,22.810330699148672,37.65777647863862,-114.25828132501196,-1.9799999999999997e-06,1320391219496049.0,55.78687129183224,4.958677685950413,8.618684715536437,-0.22208136716909163
2022-12-26,8.28e-06,8.36e-06,7.78e-06,8.12e-06,12253938772693.0,1672617599999,99115267.27157006,235700,6236316104201.0,50448796.73069774,1.367645413383681e-05,1.0471500000000022e-05,7.2665458661632325e-06,-1.731690320708568e-06,-1.792298443329968e-06,6.060812262140002e-08,8.36153482458414,20.84474156268497,22.863395772331465,37.19471968754448,-114.30134588029324,-2.039999999999999e-06,1308137280723356.0,59.67926669485305,4.588394062078274,5.732194986941448,-0.3175396309071874
2023-01-02,8.13e-06,8.81e-06,8.02e-06,8.65e-06,20210016250794.0,1673222399999,169583799.86967477,316925,10268017990709.0,86153639.10980166,1.3211912138208915e-05,1.0230000000000022e-05,7.24808786179113e-06,-1.6671592470510481e-06,-1.767270604074184e-06,1.0011135702313598e-07,7.853767069642069,21.74304294574313,22.294742266057003,39.684825515086175,-89.91031036711273,-3.269999999999999e-06,1328347296974150.0,65.04485755900177,11.74089068825911,7.095987478762637,-0.246480849015594
2023-01-09,8.65e-06,1.111e-05,8.54e-06,1.067e-05,66804949675227.0,1673827199999,640805327.1203456,1187833,33560106658851.0,322239505.732087,1.3074421031149676e-05,1.0173000000000023e-05,7.271578968850369e-06,-1.4364621466407273e-06,-1.7011089125874928e-06,2.6464676594676546e-07,8.291327544211658,27.173423938036585,20.50777632697251,48.126479599656044,-8.034642875776015,-1.1700000000000007e-06,1395152246649377.0,68.01501383363409,39.001349527665305,18.44354475933427,-0.11493170957601657
2023-01-16,1.066e-05,1.294e-05,1.007e-05,1.2e-05,71351371340162.0,1674431999999,830785228.738519,1525739,35169247996206.0,409442345.95040864,1.2895520614750945e-05,1.0130500000000023e-05,7.365479385249101e-06,-1.1332497500612378e-06,-1.5875370800822417e-06,4.542873300210039e-07,9.399226783316275,30.390334808160468,18.704760924082976,52.80964172657486,79.73352289297176,2.99e-06,1466503617989539.0,75.78169491773585,56.95006747638326,35.89743589743593,-0.08895916490462956
2023-01-23,1.2e-05,1.233e-05,1.086e-05,1.207e-05,30511277574899.0,1675036799999,358724468.9527159,706720,15303636183620.0,180026581.65215304,1.2680577747728257e-05,1.0084000000000024e-05,7.487422252271791e-06,-8.771916074412817e-07,-1.4454679855540497e-06,5.68276378112768e-07,10.427990362484847,28.984708357272478,17.839620514199527,53.049890490829775,92.13623480808954,3.279999999999999e-06,1497014895564438.0,79.39533217719955,57.89473684210525,51.282051282051306,-0.07226626456435198
2023-01-30,1.207e-05,1.575e-05,1.112e-05,1.43e-05,76748858961149.0,1675641599999,1027058961.7828765,1730470,38032782464273.0,508589565.48666537,1.344672049730669e-05,1.0268000000000023e-05,7.089279502693355e-06,-4.88688030090132e-07,-1.2541119944612663e-06,7.654239643711343e-07,12.46305145306217,35.07108223677079,15.42038575316165,60.030975728595315,177.1609697592736,5.020000000000001e-06,1573763754525587.0,78.90672829004427,81.80677540777917,65.55052657542261,-0.004360940084470539
2023-02-06,1.43e-05,1.484e-05,1.17e-05,1.283e-05,50162245663258.0,1676246399999,672875352.9685925,1178249,24753591153410.0,332217651.9627739,1.3715756469201848e-05,1.0358500000000023e-05,7.001243530798197e-06,-2.9600074834675154e-07,-1.0624897452383633e-06,7.664889968916117e-07,14.352751037169684,31.910551271827625,14.030733550951096,54.299346496305425,129.09418586428453,3.4800000000000006e-06,1523601508862329.0,66.02223786700914,63.36260978670013,67.68804067886157,-0.01631921111441179
2023-02-13,1.283e-05,1.4e-05,1.198e-05,1.332e-05,44599682097931.0,1676851199999,585506597.436883,1086441,22310550343256.0,292906254.7663965,1.4069295511996416e-05,1.0477500000000023e-05,6.88570448800363e-06,-1.0257338232733068e-07,-8.705064726561568e-07,7.679330903288261e-07,16.107472079555233,30.035341486168214,13.20622354388169,55.81378929517847,113.49989896365575,4.22e-06,1568201190960260.0,65.57528447863666,69.51066499372646,71.56001672940197,0.01888387363870106
2023-02-20,1.333e-05,1.378e-05,1.198e-05,1.284e-05,30055914249334.0,1677455999999,391165049.38558906,791085,15050554661856.0,196035121.02950028,1.4299415817085748e-05,1.0568000000000021e-05,6.8365841829142945e-06,1.1850603953723001e-08,-6.940350573341808e-07,7.058856612879038e-07,17.73685590462753,28.431990378084098,12.501246936159738,53.928497298844555,93.75635550132198,4.290000000000001e-06,1538145276710926.0,63.59021938757156,63.48808030112924,65.45378502718533,0.032472488538059265
2023-02-27,1.284e-05,1.288e-05,1.077e-05,1.109e-05,19552659960231.0,1678060799999,230250284.81068367,522902,9554786322478.0,112531978.78671739,1.4344435182143781e-05,1.0609000000000023e-05,6.873564817856265e-06,-3.823716296515151e-08,-5.628754784603749e-07,5.246383154952234e-07,18.393861336697864,26.636946247102284,15.332503512931654,47.61381391225392,37.71013025511737,2.8000000000000003e-06,1518592616750695.0,59.596415922759014,41.53074027603513,58.176495190297,0.012302440254107094
2023-03-06,1.11e-05,1.169e-05,9.65e-06,1.073e-05,37443349253220.0,1678665599999,395965904.22847855,835196,18808535552722.0,199021975.02496672,1.4367491286852752e-05,1.0637500000000023e-05,6.907508713147294e-06,-1.0576191296751641e-07,-4.714527653618032e-07,3.656908523942868e-07,18.28600865685133,24.99395501441775,17.77318386629755,46.409906495004364,1.1290322580646013,2.6100000000000004e-06,1481149267497475.0,54.42969774250701,37.013801756587206,47.34420744458391,0.008223112095229395
2023-03-13,1.073e-05,1.186e-05,1.015e-05,1.091e-05,45825760250267.0,1679270399999,500543041.0706765,1021860,22902057639639.0,250199174.641224,1.427326152083619e-05,1.0587000000000022e-05,6.900738479163856e-06,-1.4310168105520962e-07,-4.057825485004845e-07,2.626808674452749e-07,18.261720279000034,24.200036783417378,16.83576376653171,47.12973051006774,15.899698816277981,2.2600000000000004e-06,1526975027747742.0,57.102588787083675,39.27227101631117,39.27227101631123,0.030172460363933545
2023-03-20,1.091e-05,1.11e-05,1.022e-05,1.061e-05,27166285446515.0,1679875199999,290685346.19452834,666373,13425094587285.0,143779354.95261514,1.4166859498868177e-05,1.0525500000000023e-05,6.88414050113187e-06,-1.9465732065604924e-07,-3.6355750293159743e-07,1.689001822755482e-07,18.239166785280975,23.512741225861703,16.357617979054105,46.02023865994821,5.896496874190874,-5.999999999999943e-08,1499808742301227.0,56.50785963562854,35.50815558343789,37.264742785445485,0.09714567360576647
2023-03-27,1.062e-05,1.153e-05,1.017e-05,1.078e-05,27008570788859.0,1680479999999,291261894.17778426,685021,13362508388102.0,144195216.00352642,1.4189160975396422e-05,1.0614000000000022e-05,7.038839024603623e-06,-2.1927034517914414e-07,-3.347000713811068e-07,1.1542972620196265e-07,18.429981474819634,23.87855370420773,15.619321829033492,46.784739040988136,11.959833013652336,-1.2200000000000002e-06,1526817313090086.0,59.5120937168597,37.641154328732746,37.47386030949399,0.14814873751095006
2023-04-03,1.078e-05,1.165e-05,1.049e-05,1.096e-05,27726251555516.0,1681084799999,308842605.1470936,755079,13612182145474.0,151723324.12923193,1.4200032889851303e-05,1.0722500000000021e-05,7.244967110148739e-06,-2.216962721396418e-07,-3.120993115328138e-07,9.040303939317197e-08,18.66784910735452,23.339800715458505,14.997545073374507,47.630472799359794,17.57029899570047,-1.1099999999999995e-06,1554543564645602.0,62.2256596901965,38.033635187580856,37.060981699917214,0.15947250397965593
2023-04-10,1.096e-05,1.188e-05,1.058e-05,1.157e-05,22566576328726.0,1681689599999,253428377.72533283,597204,11203795939935.0,125903012.8332576,1.426749325899317e-05,1.0837000000000022e-05,7.406506741006873e-06,-1.724095052609483e-07,-2.841613502784407e-07,1.117518450174924e-07,19.009948045979282,23.08090885529148,14.310028979761263,50.501463850539594,28.029842223518806,-2.730000000000001e-06,1577110140974328.0,62.692607069754494,42.02496532593619,39.233251614083315,0.15846733070152028
2023-04-17,1.157e-05,1.172e-05,1.003e-05,1.032e-05,22430997438773.0,1682294399999,246543488.27490276,624253,10616144798829.0,116887754.41722341,1.425745773994835e-05,1.0885500000000021e-05,7.513542260051693e-06,-2.3154483599404095e-07,-2.7363804742156074e-07,4.209321142751979e-08,18.861078144980603,21.688941392424592,15.409709311838757,45.051122937996794,-8.629106742314256,-2.5100000000000014e-06,1554679143535555.0,56.39472973268327,10.98360655737703,30.347402356964746,0.11959185027166568
2023-04-24,1.032e-05,1.075e-05,9.72e-06,1.007e-05,11957730471691.0,1682899199999,122791862.32768276,355627,5752982823227.0,59112797.88157489,1.422885902581544e-05,1.0934000000000021e-05,7.639140974184602e-06,-2.951802679245939e-07,-2.779464915221674e-07,-1.7233776402426507e-08,18.46298578601281,20.863111753451605,15.968946939296377,44.02768795100349,-38.80190605854307,-3.2499999999999994e-06,1542721413063864.0,48.78788614043171,6.885245901639335,19.96460592831757,0.12971091051023786
2023-05-01,1.008e-05,1.02e-05,9.18e-06,9.34e-06,13930844437688.0,1683503999999,136569903.73573855,431911,6495579362392.0,63726065.43625369,1.4170581637993862e-05,1.0973500000000021e-05,7.776418362006181e-06,-3.9990682834967634e-07,-3.023385588876692e-07,-9.756826946200715e-08,17.647070510774373,20.048984810495575,17.411688969262233,41.092192020232176,-77.37033366369327,-3.5000000000000004e-06,1528790568626176.0,44.22460329809118,2.4353120243531228,6.768054827789882,0.12490021501321569
2023-05-08,9.34e-06,9.36e-06,8.32e-06,8.79e-06,16346137713624.0,1684108799999,144137821.10222286,460889,7613334324439.0,67137146.33628607,1.4118136357013008e-05,1.0998500000000022e-05,7.878863642987036e-06,-5.212748534308701e-07,-3.461258177963094e-07,-1.7514903563456074e-07,16.544374059321672,19.22522186143455,20.093907321169645,38.983279858163776,-123.80952380952375,-2.3e-06,1512444430912552.0,29.88449173192872,7.208588957055223,5.509715627682613,0.12558091446935207
2023-05-15,8.78e-06,8.92e-06,8.47e-06,8.52e-06,10655546392415.0,1684713599999,92936375.27596585,253293,5087909720995.0,44397718.67066095,1.4068413277455186e-05,1.1018500000000022e-05,7.968586722544857e-06,-6.319617693385758e-07,-4.032930081047627e-07,-2.2866876123381307e-07,15.520441640115589,18.864054278349325,19.71642049713026,37.95351759214742,-139.3000980986606,-2.210000000000001e-06,1501788884520137.0,34.14163662970701,3.5211267605633765,4.3883425806572935,0.11042662947062334
2023-05-22,8.52e-06,9.18e-06,8.28e-06,8.81e-06,15088965483000.0,1685318399999,131029952.42542101,338773,7494707658128.0,65106173.90368592,1.405226453148579e-05,1.1026500000000022e-05,8.000735468514254e-06,-6.883465408407544e-07,-4.6030371465196103e-07,-2.2804282618879338e-07,14.468721614600653,19.253909082526537,18.9496705655251,39.79311863504201,-134.39349554612306,-2.1000000000000002e-06,1516877850003137.0,42.273738994418544,9.636363636363637,6.788693117994132,0.09728805926236686
2023-05-29,8.81e-06,8.87e-06,8.24e-06,8.6e-06,9818839131558.0,1685923199999,84316016.19755948,249592,4625314089919.0,39747137.3460391,1.4126835826005696e-05,1.092300000000002e-05,7.719164173994346e-06,-7.414303755978375e-07,-5.165290468411363e-07,-2.2490132875670123e-07,13.457216061604921,18.705533024195365,18.590793161956245,38.893842003949615,-132.22113182858993,-2.0099999999999994e-06,1507059010871579.0,46.24554615798252,7.758620689655172,6.972037028860782,0.03675368990577503
2023-06-05,8.6e-06,8.66e-06,5.43e-06,6.67e-06,23897663567355.0,1686527999999,168992575.41014913,562712,11460467543184.0,80466280.78734688,1.4312466493281598e-05,1.065650000000002e-05,7.0005335067184435e-06,-9.285310395744951e-07,-5.989294453878081e-07,-3.2960159418668707e-07,14.39684254741672,16.163700058110372,27.88627313827404,31.784580188508865,-187.29922172545125,-4.1100000000000005e-06,1483161347304224.0,47.139143158411784,19.224806201550386,12.206596842523117,-0.0136769806405406
2023-06-12,6.67e-06,7.55e-06,6.39e-06,7.21e-06,15969300964116.0,1687132799999,110073324.68061163,333339,7806670607869.0,53894090.33517064,1.4300140065660529e-05,1.0413500000000022e-05,6.526859934339514e-06,-1.0214614054869812e-06,-6.834358374076427e-07,-3.380255680793385e-07,15.269352855670531,15.356626901221315,26.49387768335562,35.34551057338767,-150.027169523138,-3.7500000000000005e-06,1499130648268340.0,55.78204582202445,27.5968992248062,18.19344203867064,-0.037921490071934225
2023-06-19,7.21e-06,8.46e-06,6.98e-06,7.86e-06,30448958395367.0,1687737599999,235866745.6323829,584138,15141914486923.0,117296175.92587186,1.3693489866726145e-05,1.009150000000002e-05,6.489510133273896e-06,-1.0307776590595895e-06,-7.529042017380321e-07,-2.778734573215574e-07,15.251446688902293,18.318218399927893,24.792939427305505,39.44328029614322,-105.11659265121853,-3.71e-06,1529579606663707.0,51.26106055058951,37.67441860465116,28.16537467700263,-0.08700585298054567
2023-06-26,7.86e-06,7.97e-06,7.02e-06,7.66e-06,21791271611403.0,1688342399999,163525180.6693555,406514,10642432359431.0,79896842.63869715,1.3352886930001846e-05,9.833000000000021e-06,6.313113069998196e-06,-1.0422843801314678e-06,-8.107802374167193e-07,-2.3150414271474855e-07,15.234819534046071,17.539798044774088,23.739380162263338,38.631951606364964,-101.72403750946448,-2.66e-06,1507788335052304.0,53.836127914630595,34.57364341085271,33.28165374677007,-0.04660922008124797
2023-07-03,7.65e-06,7.86e-06,7.06e-06,7.74e-06,22508580244422.0,1688947199999,169872318.4104062,371133,11057307011273.0,83500734.06312339,1.2797845865635096e-05,9.55400000000002e-06,6.310154134364945e-06,-1.0330399663828661e-06,-8.552321832099486e-07,-1.7780778317291752e-07,15.219380033108152,16.8889426956356,22.858474776443078,39.170940214489406,-92.16921692169203,-2.3299999999999997e-06,1530296915296726.0,51.440167825851105,35.81395348837211,36.020671834625375,-0.04626824899655415
2023-07-10,7.74e-06,8.53e-06,7.33e-06,7.86e-06,28373535481102.0,1689551999999,224522538.35084254,544853,13663002310469.0,108207692.74237847,1.2252694013970559e-05,9.305000000000022e-06,6.357305986029485e-06,-1.0044520072763203e-06,-8.85076148023223e-07,-1.1937585925309732e-07,14.566999232522418,19.091353777217453,21.565765933620277,40.02189397913613,-68.88888888888884,-1.480000000000001e-06,1558670450777828.0,49.70030803095843,37.67441860465116,36.020671834625375,-0.05082370397713195
2023-07-17,7.86e-06,8.08e-06,7.56e-06,7.85e-06,15312833185906.0,1690156799999,119283259.54572599,309544,7271432330662.0,56677287.61327753,1.2036109745584837e-05,9.14300000000002e-06,6.249890254415204e-06,-9.714050078933993e-07,-9.023419199972582e-07,-6.90630878961411e-08,13.96121706054995,18.60046395397963,21.01125234853464,39.97171162359964,-66.15902102808552,-9.400000000000012e-07,1543357617591922.0,40.90162528934919,38.47376788553259,37.320713326185334,-0.016823110034377663
2023-07-24,7.86e-06,8.78e-06,7.58e-06,8.28e-06,26051620540494.0,1690761599999,211472066.46867546,479802,13031237883588.0,105845697.14256611,1.1841013960255807e-05,9.020500000000021e-06,6.199986039744236e-06,-9.001413473182525e-07,-9.019018054614571e-07,1.7604581432045295e-09,13.181010570179634,20.986947625352304,19.74924908956728,43.26591637542786,-42.73460196311,-2.399999999999994e-07,1569409238132416.0,51.51861899094855,53.57142857142858,43.23987168720416,-0.012344267126670652
2023-07-31,8.28e-06,1.052e-05,8.08e-06,9.37e-06,50013793721293.0,1691366399999,464634195.2146057,903050,25041675452628.0,232730795.20964518,1.1634591042680997e-05,8.943500000000022e-06,6.2524089573190475e-06,-7.470984070121599e-07,-8.709411257715977e-07,1.2384271875943782e-07,13.75270612749427,26.836439103773234,17.453687276262894,50.65781100208093,20.319073681075338,5.599999999999997e-07,1619423031853709.0,63.26057904679612,77.40667976424363,56.48395874040165,0.005906119415662227
2023-08-07,9.38e-06,1.136e-05,8.76e-06,1.023e-05,59517413359021.0,1691971199999,599866790.8455327,1055586,29913382300151.0,301941542.9144138,1.1573291988812634e-05,8.924500000000021e-06,6.275708011187408e-06,-5.500750388861662e-07,-8.067679083945114e-07,2.566928695083452e-07,14.782753117855938,27.48033551973861,15.39961186361047,55.57580430568245,67.89238182652582,1.6299999999999996e-06,1678940445212730.0,73.69662930741944,80.9443507588533,70.64081969817522,0.028559290973705045
2023-08-14,1.023e-05,1.067e-05,7.25e-06,8.31e-06,54617112343153.0,1692575999999,505773028.8748817,996538,26381754710507.0,244780246.94939265,1.1319339929397528e-05,8.801000000000021e-06,6.282660070602514e-06,-5.426057329311998e-07,-7.539354733018491e-07,2.1132974037064932e-07,14.397905827061566,23.553659829223992,19.50805832571544,44.83225931102523,-5.461519662533431,1.6400000000000004e-06,1624323332869577.0,66.16509336428244,48.56661045531198,68.97254699280302,-0.009052282850205802
2023-08-21,8.3e-06,8.54e-06,7.55e-06,8.04e-06,19937759159613.0,1693180799999,161813055.1341107,350152,9825632036612.0,79792527.18958676,1.098745364369754e-05,8.655000000000021e-06,6.3225463563025035e-06,-5.521086330185497e-07,-7.135701052451893e-07,1.614614722266396e-07,14.040547628466793,22.549210317271314,18.67613412342662,43.557089787867056,-44.953215444497516,8.299999999999997e-07,1604385573709964.0,64.80717701399693,44.013490725126466,57.84148397976397,0.001098718206638932
2023-08-28,8.05e-06,8.46e-06,7.63e-06,7.69e-06,15786663916331.0,1693785599999,127710680.19366273,284902,7631090705074.0,61785546.11524987,1.0404346598010208e-05,8.461000000000023e-06,6.517653401989837e-06,-5.811823167562897e-07,-6.870925475474094e-07,1.0591023079111963e-07,13.708715015485934,21.713182408556765,17.983703251817715,41.89362282219985,-46.59727782225786,-1.7000000000000007e-07,1588598909793633.0,60.96712597822859,38.111298482293414,43.56379988757734,-0.05112663013673261
2023-09-04,7.68e-06,7.8e-06,7.2e-06,7.36e-06,10379797686056.0,1694390399999,78498136.29232766,211143,5046011485976.0,38156622.30360905,1.0113067776501167e-05,8.313000000000024e-06,6.51293222349888e-06,-6.236624699211125e-07,-6.744065320221499e-07,5.074406210103743e-08,13.01357975570401,21.10404811843914,19.48970698705221,40.32971532743557,-78.35829076319322,-2.9999999999999967e-07,1578219112107577.0,61.091842860400305,32.54637436762226,38.22372119168077,-0.03149780552656083
2023-09-11,7.36e-06,7.57e-06,6.95e-06,7.21e-06,12918053545187.0,1694995199999,93650841.94514973,230927,6078510108232.0,44047881.68093639,9.838640164924078e-06,8.170000000000023e-06,6.501359835075969e-06,-6.618031885554218e-07,-6.718858633288044e-07,1.008267477338254e-08,12.14471441303703,20.465152834999405,20.120392846275227,39.60596995676255,-91.67864558377254,-5.300000000000009e-07,1565301058562390.0,62.443952842516545,16.49899396378269,29.05222227123284,-0.02774212072367071
2023-09-18,7.21e-06,7.71e-06,7.14e-06,7.3e-06,14109734226598.0,1695599999999,104085143.78919607,236968,6745485815109.0,49793521.62729333,9.686747664090309e-06,8.068000000000023e-06,6.449252335909738e-06,-6.769641141115844e-07,-6.729015134853604e-07,-4.062600626224011e-09,11.464085935578591,20.584357267287075,19.53487203769732,40.29825287655043,-72.98654831939989,-5.599999999999989e-07,1579410792788988.0,62.3463810741876,7.9365079365079385,18.993958755971015,-0.020611063660160203
2023-09-25,7.3e-06,7.58e-06,7.13e-06,7.52e-06,10668015255533.0,1696204799999,78068654.36024383,179977,5201755764986.0,38091891.25308893,9.604505937488292e-06,8.004500000000025e-06,6.404494062511758e-06,-6.635777838309523e-07,-6.710367675544788e-07,7.458983723526443e-09,10.822042528215025,20.087363259172918,19.11687097450436,42.04701317334869,-65.10444468168406,-3.299999999999994e-07,1590078808044521.0,60.42065788675386,12.925170068027205,12.453557322772662,-0.0007807408781362235
2023-10-02,7.52e-06,7.61e-06,7.06e-06,7.2e-06,9993224370166.0,1696809599999,72861271.55552755,170629,4760541343680.0,34722304.55633764,9.55679879812036e-06,7.938500000000024e-06,6.320201201879688e-06,-6.710548437668562e-07,-6.710403827969542e-07,-1.4460969902001792e-11,10.151113811539515,19.46865674448826,18.920066346103237,40.20239228628939,-72.41426424374923,-1.0800000000000007e-06,1580085583674355.0,62.2752122346061,5.668934240362797,8.84353741496603,0.006456722099972405
2023-10-09,7.2e-06,7.21e-06,6.71e-06,6.98e-06,10515736131711.0,1697414399999,72713654.01516838,173680,5108766985541.0,35336931.82776609,9.464789850381619e-06,7.847000000000025e-06,6.229210149618431e-06,-6.86815448061177e-07,-6.741953958497988e-07,-1.262005221137823e-08,9.701563353919553,18.8987716075779,20.41527453461703,38.93765830763464,-100.60987016874319,-2.39e-06,1569569847542644.0,58.47718751126645,5.806451612903226,8.133518640431127,0.002540641958580973
2023-10-16,6.99e-06,7.3e-06,6.61e-06,7.13e-06,13939412343152.0,1698019199999,97142783.57262202,220788,6705597364636.0,46731216.54688981,9.381309379247976e-06,7.773500000000025e-06,6.165690620752074e-06,-6.79370731219847e-07,-6.752304629238084e-07,-4.1402682960385995e-09,9.39251549229897,18.110900531077228,20.168370501753113,40.31631514707732,-88.38123592503524,-3.1e-06,1583509259885796.0,56.57519078977716,10.947368421052635,7.4742514247729375,0.0146617997122099
2023-10-23,7.14e-06,8.25e-06,7.09e-06,8.02e-06,39711435086038.0,1698623999999,305558224.6120889,606185,19701938252594.0,151609921.38814023,9.369213335891848e-06,7.841000000000025e-06,6.312786664108203e-06,-5.947987082675809e-07,-6.591441119925629e-07,6.434540372498208e-08,9.384141517583542,22.587384070306054,18.75295219253331,47.841107451816924,-5.093550874629684,-2.900000000000006e-07,1623220694971834.0,63.42022238474381,29.684210526315777,15.479343520090596,0.0753395885813812
2023-10-30,8.01e-06,8.32e-06,7.51e-06,8.11e-06,25710112668146.0,1699228799999,203127217.75420177,422497,12422781121882.0,98190198.49614906,9.390053190548047e-06,7.886000000000024e-06,6.381946809452e-06,-5.145807562876873e-07,-6.302314408515878e-07,1.1565068456390048e-07,9.4470783665201,21.888312688730267,17.812882781739326,48.54755848176999,13.324873096446684,7.000000000000102e-08,1648930807639980.0,63.31082680036072,31.578947368421055,24.07017543859654,0.08557122778285273
2023-11-06,8.12e-06,9.65e-06,7.8e-06,8.92e-06,48888601316113.0,1699833599999,422968514.0142806,889351,23610905737841.0,204431121.12207294,9.50891592131484e-06,7.939000000000023e-06,6.369084078685207e-06,-3.8125238073320835e-07,-5.804356288279119e-07,1.9918324809470352e-07,10.675414673226998,27.3769831329225,15.857641880827748,54.51817011923408,100.5509641873276,1.23e-06,1697819408956093.0,62.8493960394352,48.6315789473684,36.63157894736846,0.09138181967308644
2023-11-13,8.91e-06,9.19e-06,8e-06,8.67e-06,33359183092794.0,1700438399999,289251442.6475276,693227,16435892746832.0,142566530.5821388,9.585037213604767e-06,7.989500000000026e-06,6.393962786395285e-06,-2.923910907035367e-07,-5.228267212030368e-07,2.3043563049950011e-07,11.816012672311974,25.442413830549455,14.737076220187706,52.49348309756427,71.2352134089813,1.3100000000000002e-06,1664460225863299.0,47.25133391382786,50.73891625615764,43.64981419064909,0.0829160901110479
2023-11-20,8.67e-06,8.72e-06,7.61e-06,8.29e-06,20084881550709.0,1701043199999,165467741.6422698,407866,9810355488076.0,80819703.81558381,9.613347080054256e-06,8.017000000000025e-06,6.420652919945794e-06,-2.497517199885116e-07,-4.682117209601318e-07,2.1846000097162018e-07,12.346452602413013,23.756113968027655,16.08904086367941,49.4851900344982,21.744806236246216,1.0800000000000007e-06,1644375344312590.0,53.73182379019548,55.26315789473683,51.54455103275435,0.06169728705868235
2023-11-27,8.3e-06,9.49e-06,8.02e-06,9.02e-06,26552919254139.0,1701647999999,227182016.99383575,498941,13285788620051.0,113855627.20896721,9.727616107871945e-06,8.075000000000023e-06,6.422383892128102e-06,-1.5526501392986435e-07,-4.056223795540783e-07,2.5035736562421394e-07,13.476592946500443,26.228248640400682,14.699538670144955,54.83943310861258,81.89730200174044,1.7199999999999996e-06,1670928263566729.0,62.00592972326443,79.27631578947366,61.7594633134561,0.08678292599636549
2023-12-04,9.02e-06,1.07e-05,8.65e-06,1.033e-05,70006341029743.0,1702252799999,681015798.9928004,1285046,34859323953268.0,339374748.2230272,1.0116424314020707e-05,8.199000000000024e-06,6.281575685979342e-06,2.5033858497052882e-08,-3.194911319438521e-07,3.4452499044090496e-07,15.334510804879818,29.993627946501462,13.011860302764012,62.51734060551885,158.32075730552893,2.8099999999999994e-06,1740934604596472.0,73.66722204750448,90.95354523227384,75.16433963882817,0.15351648027902243
2023-12-11,1.032e-05,1.195e-05,9.1e-06,1.03e-05,59064270299996.0,1702857599999,604397497.8455781,1165713,29627564614599.0,303567264.8942628,1.0425379966029083e-05,8.300000000000024e-06,6.174620033970964e-06,1.636152103016508e-07,-2.2286986349475148e-07,3.864850737964023e-07,17.704436365899372,32.02750665973211,11.103270567263996,62.256303967788284,168.9311594202901,3.1e-06,1681870334296476.0,80.00852432176048,69.1011235955056,79.77699487241777,0.12258770860828248
2023-12-18,1.03e-05,1.128e-05,9.54e-06,1.066e-05,36631629751007.0,1703462399999,383734964.35120064,817963,18115260137015.0,189866564.11568236,1.068517641001449e-05,8.364500000000025e-06,6.043823589985559e-06,2.9904373139868183e-07,-1.1848714451606482e-07,4.1753087591474667e-07,19.905081529703246,29.210420840360385,10.126645493198726,64.18866137407687,155.07548027464796,3.6799999999999995e-06,1718501964047483.0,84.05125821218701,75.84269662921346,78.63245515233105,0.13828199659995333
2023-12-25,1.065e-05,1.106e-05,1e-05,1.036e-05,23018437519451.0,1704067199999,244987261.71278536,641699,11163423302274.0,118840573.48419017,1.0713169080147224e-05,8.371000000000025e-06,6.0288309198528265e-06,3.7780916836759474e-07,-1.9227881939332894e-08,3.9703705030692764e-07,21.948537753235417,27.61677709606988,9.574162345862987,61.369008945313,148.92895561479824,3.2300000000000004e-06,1695483526528032.0,78.41444216434458,70.2247191011236,71.72284644194762,0.12007856233067438
2024-01-01,1.036e-05,1.092e-05,8.27e-06,9.02e-06,29278272311414.0,1704671999999,288063628.78784233,762890,14628936063702.0,143854317.84050927,1.0765357986398852e-05,8.406500000000025e-06,6.047642013601198e-06,3.2831987632480536e-07,5.0281669713494766e-08,2.780382066113106e-07,21.67155256096812,24.079808888469643,16.708972237504387,50.6636352104183,68.68489583333346,1.0000000000000006e-06,1666205254216618.0,72.7130038868923,45.13108614232209,63.73283395755311,0.14099606883340648
2024-01-08,9.02e-06,1.05e-05,8.49e-06,9.58e-06,37762804584653.0,1705276799999,365495915.11619914,980694,19292163694460.0,186699134.99317083,1.0889544679551416e-05,8.483500000000025e-06,6.077455320448633e-06,3.30477042088149e-07,1.0632074418842562e-07,2.241562978997234e-07,21.414352025291343,21.799281901291977,15.126515238276397,54.255036398954374,68.50378940039093,1.4699999999999995e-06,1703968058801271.0,76.1687191290795,55.61797752808987,56.99126092384525,0.14260444255581747
2024-01-15,9.57e-06,9.86e-06,8.79e-06,9.35e-06,19522683343369.0,1705881599999,184069650.40795067,492423,9716971412219.0,91645554.46086152,1.097185465160498e-05,8.566500000000024e-06,6.161145348395066e-06,3.100534307393374e-07,1.4706728149860797e-07,1.6298614924072945e-07,21.175522956448624,20.676656421405838,14.347525751133308,52.56265379819507,50.92460881934561,4.3000000000000097e-07,1684445375457902.0,74.31694977315772,51.31086142322096,50.68664169787771,0.16775091188956825
2024-01-22,9.35e-06,9.38e-06,8.43e-06,9e-06,13531242398197.0,1706486399999,121166800.7784451,378073,6706421645474.0,60095279.61913158,1.0994835653737057e-05,8.648500000000024e-06,6.3021643462629915e-06,2.6259842548611595e-07,1.7017351029610956e-07,9.24249151900064e-08,20.527173227091108,19.706319113371077,15.452575666171093,50.00637197825183,22.00740886872275,3.3000000000000023e-07,1670914133059705.0,71.7645969825945,39.300411522633745,48.74308349131493,0.18039617348029693
2024-01-29,9.01e-06,9.46e-06,8.79e-06,8.9e-06,10488186529553.0,1707091199999,95165804.3711971,304855,5064150473182.0,45962036.20192182,1.0985892363162919e-05,8.733000000000023e-06,6.480107636837127e-06,2.1444879543887836e-07,1.790285673246633e-07,3.542022811421505e-08,20.00022735625299,19.439039013855126,14.920750401802152,49.269108383462765,24.904548039317962,6.099999999999992e-07,1660425946530152.0,70.3542575636636,31.306306306306286,40.63919308405373,0.17221580993060467
2024-02-05,8.9e-06,9.61e-06,8.78e-06,9.41e-06,12294578413064.0,1707695999999,113470837.6026948,336454,6179235155266.0,57028583.94118413,1.100920748835437e-05,8.838500000000024e-06,6.667792511645678e-06,2.1496462608062892e-07,1.8621577907585643e-07,2.874884700477249e-08,19.65720462096352,19.379039374490524,14.265736875791807,53.06933107059132,35.49428346146257,3.8999999999999965e-07,1672720524943216.0,69.71012934496174,41.47465437788017,37.36045740227346,0.1955734246904195
2024-02-12,9.41e-06,1.005e-05,9.21e-06,9.74e-06,26558155432407.0,1708300799999,257389316.38496953,613577,12841153979758.0,124505562.50132193,1.1065519612384936e-05,8.949500000000023e-06,6.83348038761511e-06,2.392438138930461e-07,1.9682138603929437e-07,4.242242785375171e-08,19.758613746980636,20.88594877548052,13.614345151743231,55.39754947691555,59.50165425971868,-5.899999999999994e-07,1699278680375623.0,68.40858361036611,49.078341013824875,40.61976723267051,0.18856141543295468
2024-02-19,9.74e-06,9.97e-06,9.3e-06,9.67e-06,27683096459611.0,1708905599999,266458736.39456525,577665,13612724031775.0,131008314.70375624,1.1049917803045382e-05,9.073000000000023e-06,7.0960821969546645e-06,2.499554987729399e-07,2.0744820858602348e-07,4.250729018691639e-08,19.852779363996525,20.09768029640077,13.10051840334911,54.776777312057675,52.385212307820304,-6.29999999999999e-07,1671595583916012.0,68.75879633916611,47.46543778801844,46.006144393241236,0.19619464511121942
2024-02-26,9.67e-06,2.39e-05,9.46e-06,2.252e-05,239818971487939.0,1709510399999,3921172484.5560074,8449392,120818102344900.0,1976231202.4777205,1.5914776995075556e-05,9.850000000000024e-06,3.7852230049244914e-06,1.2805705738352727e-06,4.2207268163587336e-07,8.584978921993993e-07,23.987558512850388,55.75863171556057,6.98327192584082,85.93496679114168,499.4397797850409,1.1860000000000002e-05,1911414555403951.0,86.9210342327837,91.30982367758185,62.617867493141794,0.37822035012833144
2024-03-04,2.252e-05,4.567e-05,2.136e-05,3.286e-05,355715284736135.0,1710115199999,12106669600.903772,24879790,179257437796412.0,6104212765.615229,2.273708321809717e-05,1.1136500000000025e-05,-4.6408321809712105e-07,2.898282435222169e-06,9.173146323531325e-07,1.9809678028690364e-06,28.69700757482222,71.25134875249661,3.781724921044658,91.1931324588321,495.820595749708,2.2499999999999998e-05,2267129840140086.0,94.54450741766726,65.74866310160428,68.17464152240159,0.24366260694440095
2024-03-11,3.286e-05,3.523e-05,2.38e-05,2.955e-05,122728144794859.0,1710719999999,3736831642.873269,26717955,61753244995219.0,1880680441.0442698,2.620610558811008e-05,1.2213000000000024e-05,-1.7801055881100343e-06,3.8686460595541e-06,1.507580917793326e-06,2.3610651417607743e-06,33.07006741808178,57.8273933642406,3.069237262641129,80.78195177501377,257.08655449446724,2.053e-05,2144401695345227.0,79.38432956041817,56.898395721925134,71.31896083370383,0.20859331957379007
2024-03-18,2.955e-05,2.959e-05,2.366e-05,2.807e-05,92632304771666.0,1711324799999,2475892479.9536734,28225368,46707959951891.0,1248490470.195425,2.8662373919493294e-05,1.3211000000000025e-05,-2.2403739194932422e-06,4.466752647739471e-06,2.099415263782555e-06,2.367337383956916e-06,37.075629975137936,52.31997481387626,3.001773785725123,76.57246744996897,166.28471365276357,1.849e-05,2051769390573561.0,70.81370349473342,52.94117647058824,58.52941176470595,0.22299729243818786
2024-03-25,2.807e-05,3.285e-05,2.745e-05,3.074e-05,69986772038385.0,1711929599999,2126823952.2919261,20345745,35124664995647.0,1067710476.1280258,3.13828215259102e-05,1.4302000000000027e-05,-2.7788215259101484e-06,5.097442964434683e-06,2.6990208039129805e-06,2.3984221605217025e-06,40.86677767441849,53.007640108272525,2.745362080289542,78.72620938629665,158.22450720051089,2.139e-05,2121756162611946.0,72.73084834560525,60.08021390374332,56.6399286987523,0.22321009205226902
2024-04-01,3.074e-05,3.075e-05,2.55e-05,2.818e-05,40102054701558.0,1712534399999,1100358288.7208095,14433681,19438049074365.0,533373387.40125,3.316950813212417e-05,1.5277500000000024e-05,-2.6145081321241212e-06,5.329266512108314e-06,3.2250699455520473e-06,2.1041965665562666e-06,43.62337309072978,48.65605936473685,5.569171569532827,71.90100785054064,113.72854689011112,1.9180000000000003e-05,2081654107910388.0,70.37232588677108,53.235294117647065,55.41889483065961,0.2195581049330224
2024-04-08,2.817e-05,2.954e-05,1.83e-05,2.271e-05,64489952333766.0,1713139199999,1571543116.3706927,18365727,31678186644194.0,771916481.3770515,3.386825016613262e-05,1.5998500000000026e-05,-1.8712501661325734e-06,5.013808989492401e-06,3.582817754340118e-06,1.430991235152283e-06,43.84065140294013,40.91226530838154,14.877718862441386,59.94282040827472,64.39668926382093,1.3810000000000002e-05,2017164155576622.0,67.3191812897812,38.34586466165413,50.553790894348246,0.1991221841238535
2024-04-15,2.271e-05,2.82e-05,2.078e-05,2.627e-05,54184228512223.0,1713743999999,1265204189.0513425,19146627,26904249418647.0,628669262.8958653,3.4963850493775745e-05,1.6861000000000027e-05,-1.2418504937756905e-06,4.993506839414494e-06,3.864955571354993e-06,1.128551268059501e-06,44.042409835706884,36.75372856669264,13.365469661483415,64.12471510033919,68.28108252947482,1.686e-05,2071348384088845.0,68.42233794431489,47.90547798066594,46.49554558665579,0.20689255603401474
2024-04-22,2.626e-05,2.814e-05,2.4e-05,2.423e-05,42974983146670.0,1714348799999,1115074435.8165398,12094994,21113361733105.0,547995836.0539123,3.566982720465216e-05,1.7556000000000026e-05,-5.578272046521052e-07,4.757959492892892e-06,4.043556355662573e-06,7.144031372303194e-07,44.229756951847435,34.63817908191521,12.596151457349327,60.243499491801025,63.597387758524924,1.449e-05,2028373400942175.0,69.96266711285625,42.42749731471535,42.89294665234521,0.15078442229838593
2024-04-29,2.422e-05,2.632e-05,2.057e-05,2.471e-05,47005844709597.0,1714953599999,1092682478.074826,13403789,23617561237440.0,548952429.0676353,3.632477667673555e-05,1.8276500000000027e-05,2.282233232645053e-07,4.55748268871907e-06,4.146341622273872e-06,4.1114106644519783e-07,43.37637642577807,31.892425718206063,16.326261854750484,60.84403134242295,45.93620081571537,1.5039999999999998e-05,2075379245651772.0,67.74111325591771,43.18243426402818,44.50513651980322,0.1740766896810282
2024-05-06,2.47e-05,2.575e-05,2.209e-05,2.231e-05,25865912887016.0,1715558399999,603886918.6734227,6482391,12676729577625.0,296023777.4957406,3.663636414657687e-05,1.8859000000000024e-05,1.0816358534231797e-06,4.157023851389503e-06,4.148478068096998e-06,8.545783292504785e-09,42.58395165157081,30.24876547741452,15.484844907400316,56.2674633278822,37.801903230130016,-2.0999999999999968e-07,2049513332764756.0,66.36644846284516,36.676606126321495,40.76217923502174,0.15090787248367257
2024-05-13,2.231e-05,2.588e-05,2.156e-05,2.386e-05,41919598931947.0,1716163199999,1009040948.885035,9528161,20913574203098.0,503265268.5764842,3.699159364861023e-05,1.9534000000000027e-05,2.076406351389825e-06,3.919547282525716e-06,4.102691910982741e-06,-1.8314462845702562e-07,41.68494499818063,28.38898490793575,15.287095966948169,58.44159551281275,36.520699562291504,-9.000000000000002e-06,2091432931696703.0,67.26807514960976,40.181020296215024,40.0133535621883,0.156180860680576
2024-05-20,2.386e-05,2.686e-05,2.339e-05,2.433e-05,38495497020615.0,1716767999999,966989476.052719,11326318,19011173008018.0,477895261.740887,3.717892827823255e-05,2.0299500000000025e-05,3.4200717217675032e-06,3.726315813672029e-06,4.027416691520599e-06,-3.0110087784856954e-07,41.016393364155704,28.381566147717272,14.515117783916587,59.10548709043773,41.08482783927233,-5.220000000000001e-06,2129928428717318.0,67.94994631142089,41.32526807808633,39.39429816687436,0.1515752683623004
2024-05-27,2.432e-05,2.945e-05,2.402e-05,2.462e-05,52220089773665.0,1717372799999,1380740527.025275,14655359,25448379697989.0,673300558.749367,3.7281253263681997e-05,2.1051500000000024e-05,4.821746736318051e-06,3.555592402875868e-06,3.933051833791653e-06,-3.774594309157847e-07,40.8134683701087,29.896491553062233,13.376742542867346,59.535025874769644,47.01873305113155,-3.449999999999999e-06,2182148518490983.0,69.72799415905074,41.86688760011047,41.12439199147068,0.11862977050247925
2024-06-03,2.461e-05,2.633e-05,2.145e-05,2.349e-05,29698216830313.0,1717977599999,730742161.782199,8294162,14852591384515.0,365973001.070282,3.709504886211356e-05,2.1758500000000022e-05,6.4219511378864875e-06,3.291172723159495e-06,3.8046760116652212e-06,-5.135032885057264e-07,39.79040835850917,27.7873005438643,16.14844542813562,57.02173419101763,21.499845694887306,-7.25e-06,2152450301660670.0,63.768511660018525,18.962367555717936,34.051507744638315,0.11366811868661562
2024-06-10,2.349e-05,2.362e-05,1.96e-05,2.095e-05,22184801626851.0,1718582399999,482212911.8785559,7414970,10777364475992.0,234288872.0701202,3.654601677236488e-05,2.235600000000002e-05,8.165983227635164e-06,2.8438789829468424e-06,3.6125166059215453e-06,-7.686376229747029e-07,38.284560515742854,26.150603435242875,17.907901121400492,51.73491957172905,-10.689297232193132,-7.23e-06,2130265500033819.0,40.30174453939163,15.652687536916718,25.49398089758178,0.10592352974831837
2024-06-17,2.095e-05,2.107e-05,1.696e-05,1.753e-05,19028805690702.0,1719187199999,349493838.58392304,7636780,9258523509422.0,169946745.53860655,3.5789695006997726e-05,2.2787500000000022e-05,9.785304993002318e-06,2.188205779270868e-06,3.3276544405914097e-06,-1.1394486613205417e-06,36.15383051762977,24.55797329039066,20.72923820824766,45.603899801490776,-57.188364188586654,-5.180000000000001e-06,2111236694343117.0,48.387704379440365,3.587161736941471,12.734072276525444,0.10058461366012646
2024-06-24,1.753e-05,1.824e-05,1.632e-05,1.726e-05,14945922557326.0,1719791999999,258250886.35158902,4935531,7478846628389.0,129280017.8799167,3.495964345810162e-05,2.3180000000000022e-05,1.1400356541898418e-05,1.62802642278091e-06,2.9877288370293096e-06,-1.3597024142483996e-06,34.004445877433604,23.827905520047647,21.103937028722516,45.14899619618935,-89.5335963172123,-9.01e-06,2096290771785791.0,56.14506231959866,5.6866303690260205,8.308826547628138,0.09572020374380748
2024-07-01,1.726e-05,1.76e-05,1.266e-05,1.55e-05,23112463113762.0,1720396799999,360064647.54443413,6371546,11601278266959.0,180476313.36214116,3.4149665787694203e-05,2.346800000000002e-05,1.2786334212305836e-05,1.0301875945020987e-06,2.5962205885238674e-06,-1.5660329940217687e-06,32.04847248260386,22.01451948137319,25.136288851567727,42.19435126991652,-136.4718952886852,-8.73e-06,2073178308672029.0,46.948946673953465,15.69928137092316,8.324357825630285,0.09349974484683321
2024-07-08,1.55e-05,1.778e-05,1.473e-05,1.763e-05,17723537980687.0,1721001599999,292190760.4479402,6574168,8964593452925.0,147824779.19547322,3.2932634215627995e-05,2.3866000000000022e-05,1.4799365784372047e-05,7.199698504716656e-07,2.220970440913427e-06,-1.5010005904417615e-06,30.184280358304928,21.238456084511874,23.925620520106257,46.737243707021726,-132.04381263108837,-7.08e-06,2090901846652716.0,52.94992713505957,29.443127962085303,16.943013234011563,0.10340846742341599
2024-07-15,1.763e-05,2.017e-05,1.679e-05,1.825e-05,51181157817160.0,1721606399999,920004859.6254647,9774167,26268898462650.0,471774571.59,3.303157644707069e-05,2.365250000000002e-05,1.427342355292935e-05,5.181756652572639e-07,1.8804114857821946e-06,-1.3622358205249306e-06,28.228105392786688,23.92756820776853,22.625103209523072,48.017842950817716,-100.01548802775464,-4.060000000000002e-06,2142083004469876.0,64.41058919990907,33.29362715902322,26.145345497343964,-0.04456118438895093
2024-07-22,1.825e-05,1.832e-05,1.581e-05,1.68e-05,19370207150105.0,1722211199999,329902236.38643193,4917650,9574860008253.0,163069795.6780154,3.167126733993802e-05,2.284950000000002e-05,1.4027732660062017e-05,2.385001564396309e-07,1.5520292199136819e-06,-1.313529063474051e-06,26.270256291673714,22.930756755079514,23.30909957218296,45.27614241169266,-110.19567456230693,-7.06e-06,2122712797319771.0,57.34484113988505,24.657534246575327,29.13142978922802,-0.04445951116133699
2024-07-29,1.68e-05,1.732e-05,1.297e-05,1.334e-05,17373131999344.0,1722815999999,264535743.98336437,5880489,8382852209106.0,127911925.38248736,3.122065104978389e-05,2.2039000000000017e-05,1.2857348950216145e-05,-2.593481784623888e-07,1.1897537402384677e-06,-1.4491019187008564e-06,25.153053176230276,21.27645777893276,26.33754681895769,39.48292916329286,-132.29295923525896,-1.099e-05,2105339665320427.0,50.55156899096772,4.050029779630724,20.667063728409826,-0.06976666890169189
2024-08-05,1.335e-05,1.468e-05,1.078e-05,1.339e-05,35945893722031.0,1723420799999,466520010.34277964,10628521,17574554169697.0,228093107.83532315,3.0783087359799814e-05,2.130500000000002e-05,1.1826912640200227e-05,-6.424561539159652e-07,8.23311761407581e-07,-1.4657679153235462e-06,24.600246588466497,19.89094342598187,28.27917221119157,39.603195103565504,-137.26669071572678,-1.1230000000000001e-05,2141285559042458.0,54.527344721259816,13.979646491697912,14.229070172634726,-0.12051225755687245
2024-08-12,1.34e-05,1.41e-05,1.289e-05,1.324e-05,10397033102042.0,1724025599999,141056624.81865904,5926496,5097856127081.0,69160933.871614,2.948409520603788e-05,2.0430000000000016e-05,1.1375904793962154e-05,-9.472563494546231e-07,4.691981392351402e-07,-1.4164544886897633e-06,24.086926185542985,19.467374078332767,27.676979028644734,39.35054386635564,-115.32037042188409,-1.025e-05,2130888525940416.0,59.51697304894967,13.176218532404928,10.401964934577926,-0.16070403130703942
2024-08-19,1.324e-05,1.612e-05,1.298e-05,1.511e-05,18282367685737.0,1724630399999,265406503.23759225,6691991,9002282698648.0,130564059.41148594,2.8373963056041484e-05,1.9776500000000016e-05,1.1179036943958547e-05,-1.0260911881307294e-06,1.7014027376196622e-07,-1.1962314618926956e-06,22.980370220747663,21.98730705862813,26.12240549476442,44.13533955629312,-85.15054590604214,-5.840000000000002e-06,2149170893626153.0,55.40345619361322,23.19228709159078,16.782717371897945,-0.15734023907571065
2024-08-26,1.511e-05,1.525e-05,1.304e-05,1.316e-05,15573607097259.0,1725235199999,219830371.66166753,7929299,7680171073209.0,108401251.29113904,2.8245444880509705e-05,1.9299000000000016e-05,1.0352555119490328e-05,-1.231718583809947e-06,-1.1023149775241643e-07,-1.1214870860575306e-06,21.952853967723435,21.089454072012217,25.055695518480057,40.54335956610296,-90.34558369404647,-4.3700000000000005e-06,2133597286528894.0,46.88762943196858,12.747723620781997,16.372076414925974,-0.17021761606008629
2024-09-02,1.315e-05,1.385e-05,1.231e-05,1.308e-05,10728671343633.0,1725839999999,140903837.70802605,5801197,5162805362211.0,67826301.82808143,2.7375365097401528e-05,1.8639500000000017e-05,9.903634902598506e-06,-1.385167756107797e-06,-3.6521874942349254e-07,-1.0199490066843044e-06,21.197983969632805,20.46240294439757,25.720134245878214,40.398098769276146,-94.24495712953836,-4.180000000000001e-06,2122868615185261.0,31.71721907842019,14.790996784565918,16.91033583231297,-0.2304919388740569
2024-09-09,1.309e-05,1.411e-05,1.293e-05,1.338e-05,8932541185062.0,1726444799999,120700933.44123417,4410297,4409074057538.0,59560445.25331738,2.6723693688777757e-05,1.809700000000002e-05,9.470306311222283e-06,-1.4656744551319487e-06,-5.853098905651838e-07,-8.803645645667648e-07,20.404979748581635,20.500036040427272,25.104206062960294,41.24819068453503,-82.2902090218379,-2.12e-06,2131801156370323.0,38.35758365735612,20.249221183800625,15.929313863049586,-0.17619446084379972
2024-09-16,1.338e-05,1.508e-05,1.296e-05,1.452e-05,13597228507324.0,1727049599999,190084185.08666003,6127831,6683011353287.0,93496974.02001959,2.5784701656662946e-05,1.758750000000002e-05,9.390298343337096e-06,-1.4211064904912506e-06,-7.524692105503971e-07,-6.686372799408535e-07,19.31928889150461,21.618358703975403,23.992546697454664,44.48829236636777,-64.70107198094261,-3.109999999999999e-06,2145398384877647.0,45.314068499168826,36.345966958211854,23.795394975526204,-0.21761690942948397
2024-09-23,1.453e-05,2.169e-05,1.42e-05,1.934e-05,47520140094151.0,1727654399999,876172122.0007353,25039548,23877328859327.0,439574092.6677874,2.5392600191108293e-05,1.743900000000002e-05,9.485399808891748e-06,-9.854921992144487e-07,-7.990738082832074e-07,-1.864183909312413e-07,19.414994218119308,31.22608338277591,20.53307437412995,55.63003967529391,16.079188797682264,1.0900000000000014e-06,2192918524971798.0,58.47564337569685,78.46012832263979,45.01843882155083,-0.1287404401173364
2024-09-30,1.935e-05,1.937e-05,1.548e-05,1.812e-05,40004154163586.0,1728259199999,688800142.2709605,22862717,19882183041558.0,342260307.30334896,2.4553160990006767e-05,1.715200000000002e-05,9.750839009993276e-06,-7.302902080521167e-07,-7.853170882369893e-07,5.502688018487256e-08,19.503863449975817,28.89574059895133,19.000730368288973,52.74439717148166,8.312084935966764,1.320000000000001e-06,2152914370808212.0,53.527568262931254,67.27772685609531,60.69460737898239,-0.10636123588591755
2024-10-07,1.813e-05,1.881e-05,1.605e-05,1.764e-05,21046265584132.0,1728863999999,369618865.99288416,14676312,10144139384667.0,178301881.66500908,2.3456213354257554e-05,1.6817500000000023e-05,1.0178786645742493e-05,-5.603138308388709e-07,-7.403164367573657e-07,1.8000260591849478e-07,19.586384879556856,27.336920327981147,17.975709965717858,51.61008185961741,14.783579312910971,4.300000000000001e-06,2131868105224080.0,53.36868977746722,62.87809349220898,69.53864955698144,-0.06752460455424329
2024-10-14,1.765e-05,1.955e-05,1.735e-05,1.904e-05,29052175933857.0,1729468799999,538784928.2723746,16983980,14431707255234.0,267662373.8266701,2.2245798047237182e-05,1.6538500000000025e-05,1.0831201952762868e-05,-3.0907520104685307e-07,-6.540681896152632e-07,3.449929885684101e-07,19.85135112769322,27.615726847507325,17.180124564562668,54.672012710591254,60.260187424353894,5.65e-06,2160920281157937.0,55.428577865084726,75.71035747021082,68.62205927283846,0.04992882447283898
2024-10-21,1.904e-05,1.934e-05,1.583e-05,1.723e-05,15629407623546.0,1730073599999,276605426.4030503,9967020,7447503605017.0,131811132.12957592,2.098074331659246e-05,1.6225500000000026e-05,1.147025668340759e-05,-2.5310105860528e-07,-5.738747634132665e-07,3.207737048079865e-07,19.494301973093165,25.664103645451945,19.026377155423045,50.245395363396206,40.466024881356354,3.989999999999999e-06,2145290873534391.0,43.74608036439254,59.12007332722272,65.90284142988092,0.05526393889911146
2024-10-28,1.724e-05,1.983e-05,1.619e-05,1.689e-05,24001888997687.0,1730678399999,435483085.96641505,15992836,11706558514394.0,212728306.0881932,2.0273574570034895e-05,1.6022500000000025e-05,1.1771425429965153e-05,-2.3348483807578385e-07,-5.057967783457699e-07,2.7231194026998607e-07,19.30398964322049,24.771460153944005,17.63455736353591,49.435679857801425,56.74662138257968,1.78e-06,2121288984536704.0,51.411405074668416,56.00366636113656,63.61136571952344,0.03853374203802328
2024-11-04,1.689e-05,2.806e-05,1.639e-05,2.607e-05,78424208992698.0,1731283199999,1718593315.2912507,36770814,39043044308165.0,856539415.4067386,2.253869198252095e-05,1.6449500000000026e-05,1.0360308017479102e-05,5.168524838555979e-07,-3.0126692590549634e-07,8.181194097610943e-07,20.8844799941232,33.99679503063393,14.078704671882297,65.56926611143531,228.397403473276,1.291e-05,2199713193529402.0,67.01233971178657,88.4837962962963,67.86917866155194,0.16165159728525635
2024-11-11,2.608e-05,3.046e-05,2.259e-05,2.479e-05,149742377161245.0,1731887999999,3895010380.4822164,83055220,73977083072011.0,1925085724.4012678,2.3917731523400853e-05,1.6826000000000025e-05,9.734268476599197e-06,9.967252861225713e-07,-4.166848349988277e-08,1.038393769622454e-06,22.707663545585287,33.549558193839545,12.28033860453534,62.571384492884775,246.22566017604692,1.1710000000000001e-05,2049970816368157.0,82.95817269747545,68.7603305785124,71.08259774531517,0.02654175659286179
2024-11-18,2.479e-05,2.818e-05,2.303e-05,2.574e-05,75088710041867.0,1732492799999,1914554078.3352346,51906442,37230999596254.0,949842812.926532,2.538686973431657e-05,1.7338000000000026e-05,9.289130265683482e-06,1.437118788911538e-06,2.540889709824014e-07,1.1830298179291367e-06,24.40061970051437,30.77888405970153,11.266172744780729,63.890942916121816,197.0493530823723,1.236e-05,2125059526410024.0,69.19347247809083,73.99449035812673,77.07953907764522,0.025248127307051203
2024-11-25,2.575e-05,3.316e-05,2.332e-05,3.086e-05,71999285798812.0,1733097599999,2019295342.4475362,47333706,36137204249922.0,1015418003.353855,2.7978769462240048e-05,1.799950000000003e-05,8.020230537760012e-06,2.1742120598839586e-06,6.381135887627129e-07,1.5360984711212456e-06,26.622676246181417,33.659285150384946,9.62977994269208,70.02461635123618,216.36260844636428,1.634e-05,2197058812208836.0,73.3291214421886,88.96882494004795,77.24121529222911,0.053091009284222015
2024-12-02,3.087e-05,3.343e-05,2.659e-05,3.219e-05,97822728630400.0,1733702399999,2994803455.284506,68785605,48103392835940.0,1474297538.3425035,3.0439757256826023e-05,1.869650000000003e-05,6.953242743174036e-06,2.833026308538889e-06,1.077096132717948e-06,1.755930175820941e-06,28.71721353753295,30.745476819359524,8.685400174851093,71.38441167887125,191.18323317822936,1.285e-05,2294881540839236.0,79.1814388538667,94.1287878787879,85.69736772565427,0.13659057156665702
2024-12-09,3.219e-05,3.222e-05,2.418e-05,2.788e-05,57834935083767.0,1734307199999,1601119042.406324,47337366,27847150317081.0,770873530.8216292,3.1612717398185346e-05,1.9250500000000032e-05,6.888282601814719e-06,2.9730884542538467e-06,1.4562945970251278e-06,1.5167938572287189e-06,29.70158743526893,27.35019819234631,11.036462934001854,61.62786300787333,123.64403466179292,9.760000000000001e-06,2237046605755469.0,72.60878817623096,72.92682926829269,85.3414806957096,0.12971620446135523
2024-12-16,2.789e-05,2.833e-05,1.853e-05,2.153e-05,45670261826097.0,1734911999999,1054933108.2559739,44611695,22369055796657.0,515996600.7170044,3.1751570617582985e-05,1.9660000000000032e-05,7.568429382417078e-06,2.542389697144441e-06,1.6735136170489904e-06,8.688760800954506e-07,28.795835285123218,23.88746548051861,16.93846110891001,50.645104363390395,44.96369141724059,3.889999999999998e-06,2191376343929372.0,68.41332339328231,41.86614557889594,69.6405875753256,0.12168920138313079
2024-12-23,2.153e-05,2.408e-05,2.095e-05,2.135e-05,18448214571097.0,1735516799999,410820073.97092867,23216187,8967861245137.0,199853961.0811259,3.181729861853996e-05,2.0058000000000034e-05,8.298701381460107e-06,2.1616155746553686e-06,1.771134008570266e-06,3.904815660851026e-07,27.95477971713077,22.890639468460645,16.23161765365252,50.371073800030054,30.44199322954399,2.31e-06,2172928129358275.0,66.62466083566824,37.18148725949039,50.65815403555976,0.09371774216561493
2024-12-30,2.135e-05,2.493e-05,2.051e-05,2.392e-05,18178367804918.0,1736121599999,411034934.17897296,20043554,8979387555452.0,203038604.34348825,3.202993967460906e-05,2.0592000000000033e-05,9.154060325391007e-06,2.043668720002611e-06,1.825640950856735e-06,2.1802776914587613e-07,27.353100967582794,22.67223791313754,15.263001197129261,54.18291086554867,38.28521434820647,6.690000000000002e-06,2191106497163193.0,65.80746005436576,47.019498607242355,42.02237714854298,0.10948725313801871
2025-01-06,2.393e-05,2.462e-05,2.025e-05,2.156e-05,20853552192723.0,1736726399999,461649738.78742,23628087,10218755585976.0,226415560.41253662,3.207637166204643e-05,2.0914500000000035e-05,9.752628337953636e-06,1.73970843536011e-06,1.8084544477574098e-06,-6.874601239729987e-08,26.710156990074733,21.317749644829735,14.706601963851027,50.35791677242574,20.256859311149995,4.670000000000001e-06,2170252944970470.0,66.68598247894437,32.55681818181819,38.91926801618373,0.09186986248329461
2025-01-13,2.156e-05,2.497e-05,1.96e-05,2.034e-05,44431682602700.0,1737331199999,979209267.3399165,30871619,21591279918191.0,476634847.2703377,3.186176761089816e-05,2.1273500000000033e-05,1.0685232389101904e-05,1.3844152387272653e-06,1.723646605951381e-06,-3.3923136722411564e-07,25.89438046089315,19.755846721864586,14.515935989275999,48.4536514537387,7.735123296603345,-5.730000000000001e-06,2125821262367770.0,64.59497768179212,25.624999999999996,35.0671055963536,0.06829871428947726
2025-01-20,2.035e-05,2.22e-05,1.903e-05,1.909e-05,28978034153210.0,1737935999999,592108760.5003289,22241195,14331558536926.0,293073754.4280849,3.1537787231770636e-05,2.157400000000003e-05,1.1610212768229429e-05,9.905597115792854e-07,1.5770292270769618e-06,-5.864695154976764e-07,24.940430675610493,18.876608984837436,14.670152554914036,46.512908297981355,-24.152031045170038,-5.700000000000003e-06,2096843228214560.0,61.59742292422279,18.52272727272727,25.568181818181902,0.036193689115726714
2025-01-27,1.91e-05,1.968e-05,1.471e-05,1.551e-05,25817486175683.0,1738540799999,457277517.12948895,18470003,12400919741950.0,219995524.14525548,3.1332327754368375e-05,2.168050000000003e-05,1.2028672245631688e-05,3.851109685251205e-07,1.3386455753665936e-06,-9.53534606841473e-07,23.57336439495956,17.55728956944556,19.719928393376534,41.39862096750399,-91.29025417310433,-1.0230000000000002e-05,2071025742038877.0,61.09319395234256,4.273504273504269,16.140410515410597,0.018882951484550433
2025-02-03,1.552e-05,1.694e-05,1.16e-05,1.566e-05,43103159218404.0,1739145599999,648299452.3851535,25764918,21135803752847.0,317971340.6303344,3.123168321921352e-05,2.173750000000003e-05,1.2243316780786547e-05,-8.166637681389913e-08,1.054583184930495e-06,-1.136249561744394e-06,23.058714954979305,16.243641809071587,22.602002644815713,41.687930669453024,-127.27161737325633,-1.52e-05,2114128901257281.0,58.23292233827737,18.598259276225374,13.798163607485725,0.03510334091347259
2025-02-10,1.567e-05,1.734e-05,1.528e-05,1.596e-05,16890285330458.0,1739750399999,274290376.4903077,13881184,8441840561391.0,137018037.375421,3.134354838862683e-05,2.156850000000003e-05,1.1793451611373234e-05,-4.225128282696675e-07,7.591639822904625e-07,-1.18167681056013e-06,22.45365371858875,16.33932208048168,21.920629327055003,42.30145907065247,-95.4298750242101,-1.6230000000000002e-05,2131019186587739.0,54.53913286816785,19.972514887769123,14.28142614583301,0.010872696973776491
2025-02-17,1.597e-05,1.629e-05,1.485e-05,1.546e-05,9733605001608.0,1740355199999,150611557.5858652,9081859,4557735732636.0,70537599.88593668,3.1463717139651286e-05,2.143550000000003e-05,1.1407282860348775e-05,-7.246288477490354e-07,4.624054162825629e-07,-1.1870342640315984e-06,21.997991987482003,15.976740010132964,22.09683469901891,41.51741591870848,-102.08318994195514,-1.242e-05,2121285581586131.0,41.35091264215476,17.68208886852955,18.75095434417477,-0.006436244875812892
2025-02-24,1.546e-05,1.556e-05,1.3e-05,1.515e-05,23757341464674.0,1740959999999,332787046.454026,18512080,11416466676567.0,159947554.41614908,3.1583462022319457e-05,2.131100000000003e-05,1.1038537977680604e-05,-9.77800898933735e-07,1.7436415323930328e-07,-1.1521650521730383e-06,22.022208099610083,15.325632284425723,24.14138740086159,41.00989996211485,-111.5007041584584,-6.379999999999998e-06,2097528240121457.0,46.60316684096926,16.26202473660101,17.97220949763331,0.008039396420873299
2025-03-03,1.515e-05,1.52e-05,1.151e-05,1.165e-05,22332875466296.0,1741564799999,291359921.70484734,16735443,10703357837054.0,139696682.52292603,3.201456872551579e-05,2.094150000000003e-05,9.868431274484274e-06,-1.4442143191048403e-06,-1.4935154122952542e-07,-1.2948627778753148e-06,22.381912346248946,14.413801398836624,25.107502507449837,35.703274151252764,-126.0534947788984,-9.7e-06,2075195364655161.0,34.819418108475595,0.638686131386863,11.527599912172557,-0.03265508826260703
2025-03-10,1.166e-05,1.383e-05,1.082e-05,1.311e-05,19194429089951.0,1742169599999,235140521.95721325,13407684,9288510701221.0,113797740.46071553,3.2222646686623126e-05,2.0735500000000025e-05,9.248353313376926e-06,-1.6767124195909772e-06,-4.548237169018158e-07,-1.2218887026891615e-06,22.86922649171431,13.697866333101324,24.99902724095731,39.2355054902242,-118.10621753880334,-1.0810000000000002e-05,2094389793745112.0,8.823918835642587,10.700934579439254,9.20054848247579,-0.01776146358399856
2025-03-17,1.312e-05,1.36e-05,1.226e-05,1.295e-05,8818466246103.0,1742774399999,113219667.16589735,5870745,4408092719679.0,56591881.66344091,3.241134847877696e-05,2.0538500000000027e-05,8.66565152122309e-06,-1.852524749948025e-06,-7.343639235110577e-07,-1.1181608264369675e-06,23.321732483932152,13.37926302686454,24.417566410636223,38.98275927114135,-103.87202802372462,-8.61e-06,2085571327499009.0,12.718530632818117,12.16447744146202,7.834699384096129,-0.0009291588798447972
2025-03-24,1.295e-05,1.567e-05,1.228e-05,1.245e-05,16071289418386.0,1743379199999,223250149.45275727,10928133,8144486820864.0,113163999.80782233,3.194363896163686e-05,1.9857500000000028e-05,7.7713610383632e-06,-2.009044099943458e-06,-9.892999587975377e-07,-1.0197441411459204e-06,22.88485512672793,16.22080208126249,22.962458121222042,38.15558272660595,-86.04928219599746,-7.889999999999999e-06,2069500038080623.0,18.531849123020063,11.519434628975263,11.461615549958928,-0.08217366240693495
2025-03-31,1.246e-05,1.315e-05,1.102e-05,1.133e-05,14722949496677.0,1743983999999,180313273.11359924,11024274,7554488817326.0,92585468.14913648,3.1591787334465856e-05,1.9184500000000026e-05,6.777212665534193e-06,-2.198122860196934e-06,-1.2310645390774169e-06,-9.670583211195171e-07,22.818540355314365,15.592076010619918,24.36529567830022,36.29762207866631,-96.00639488409271,-7.759999999999999e-06,2054777088583946.0,19.35100268185482,3.604240282685514,9.096050784374347,-0.016721133620520523
2025-04-07,1.133e-05,1.268e-05,1.028e-05,1.205e-05,19012698080244.0,1744588799999,217406109.8946309,14012813,9591780218800.0,109655855.54714993,3.089564116937874e-05,1.8500000000000026e-05,6.10435883062131e-06,-2.263775759424621e-06,-1.4376067831468577e-06,-8.261689762777634e-07,22.952196257562925,14.891671532950967,24.655843423977643,38.37508791449481,-89.1881373913136,-3.459999999999999e-06,2073789786664190.0,11.855418105969367,12.049012933968687,9.057562615209903,-0.010056268443200038
2025-04-14,1.205e-05,1.256e-05,1.146e-05,1.236e-05,7969717535119.0,1745193599999,96035421.25948568,5431450,4069774650396.0,49039267.08393565,2.8853981336982402e-05,1.7575000000000027e-05,6.296018663017655e-06,-2.264685857002726e-06,-1.6030225979180313e-06,-6.616632590846948e-07,23.076305309650873,14.568650776089815,24.121024402067274,39.293062070469205,-77.9828932756991,-3.299999999999999e-06,2081759504199309.0,14.813983191359888,14.159292035398233,9.93751508401756,-0.07065454086110452
2025-04-21,1.235e-05,1.524e-05,1.217e-05,1.345e-05,13954401970313.0,1745798399999,189612978.4275121,9268892,7146053943641.0,97092472.21797542,2.5824241015779937e-05,1.6638000000000023e-05,7.451758984220108e-06,-2.1526389436294173e-06,-1.7129458670603085e-06,-4.396930765691088e-07,22.049409634714603,19.019965455772997,22.644693205936186,42.53445131715698,-53.29754087600435,-2.5099999999999997e-06,2095713906169622.0,22.501789622646573,26.593959731543624,17.600754900303595,-0.21904161435508482
2025-04-28,1.345e-05,1.421e-05,1.26e-05,1.267e-05,9325146025226.0,1746403199999,125292375.67505625,6945235,4836455307446.0,65047790.51350242,2.361998506617851e-05,1.5877500000000025e-05,8.13501493382154e-06,-2.102543624677344e-06,-1.7908654185837156e-06,-3.116782060936283e-07,21.09586365084521,18.384471559205107,21.888090132419197,40.85342646069686,-57.29472071424517,-2.7900000000000004e-06,2086388760144396.0,25.45998387477595,25.42553191489362,22.05959456061191,-0.2530630895519382
2025-05-05,1.266e-05,1.729e-05,1.23e-05,1.591e-05,21524738825972.0,1747007999999,320270617.05495316,14412885,10457559867426.0,155212198.39193875,2.2893094479618403e-05,1.5596500000000023e-05,8.299905520381642e-06,-1.7808730058439256e-06,-1.7888669360357576e-06,7.993930191831968e-09,20.100980256833076,22.732792014867435,19.691996908631488,49.739244290592396,-13.646002466572671,7.599999999999978e-07,2107913498970368.0,35.846378531865064,79.74504249291783,43.92151137978511,-0.20042890985377754
2025-05-12,1.59e-05,1.765e-05,1.397e-05,1.5e-05,23497885713657.0,1747612799999,367620458.7558639,15863416,11572252211237.0,180831960.7494241,2.208250468508682e-05,1.527900000000002e-05,8.475495314913223e-06,-1.5811496092554184e-06,-1.7473234706796897e-06,1.6617386142427133e-07,19.29679942862748,21.77702104560266,18.238655399234055,47.57728012389656,1.522163687985082,3.35e-06,2084415613256711.0,50.62424740902497,64.04341926729988,56.404664558370534,-0.1896467395580019
2025-05-19,1.501e-05,1.605e-05,1.388e-05,1.448e-05,16389599166962.0,1748217599999,241986674.12739244,7319276,8231284641460.0,121582338.47400446,2.0337899022762775e-05,1.480700000000002e-05,9.276100977237262e-06,-1.448133847150401e-06,-1.687485545973832e-06,2.393516988234309e-07,18.512476966423872,20.802073728096918,17.60779924013833,46.33782282774986,-7.689567127842727,1.3700000000000004e-06,2068026014089749.0,42.29170756207005,56.987788331071926,66.92541669709664,-0.23279870518614448
2025-05-26,1.447e-05,1.476e-05,1.225e-05,1.295e-05,12718112278259.0,1748822399999,173437565.140443,4128719,6410835024081.0,87437233.62673934,1.9004524524567473e-05,1.437650000000002e-05,9.748475475432568e-06,-1.4494675509467513e-06,-1.6398819469684158e-06,1.904143960216646e-07,17.26276980776181,19.703271118515477,20.107983070556134,42.80441855337905,-46.248493088199055,0.0,2055307901811490.0,42.044314377399076,36.22795115332429,52.41971958389879,-0.23070777428117065
2025-06-02,1.295e-05,1.297e-05,1.269e-05,1.281e-05,341713764423.0,1749427199999,4381203.8569569,111631,167334286397.0,2144652.53612795,1.7772230109629866e-05,1.400000000000002e-05,1.0227769890370176e-05,-1.445162418012874e-06,-1.6009380411773075e-06,1.557756231644335e-07,16.10232744614704,19.579027764652892,19.981187715557937,42.48517918135958,-57.792965908324575,3.5999999999999994e-07,2054966188047067.0,47.229471613038534,34.32835820895522,42.514699231117234,-0.16868569224832636
